434 1287
434 3780
434 1774
434 5698
434 3322
1287 3780
1287 1774
1287 5698
1287 3322
3780 1774
3780 5698
3780 3322
1774 5698
1774 3322
5698 3322
5104 5591
5104 5609
5591 5609
477 2180
477 205
477 2739
477 3278
477 1428
477 3650
477 1596
477 829
477 5372
477 4113
477 5601
477 4722
2180 205
2180 2739
2180 3278
2180 1428
2180 3650
2180 1596
2180 829
2180 5372
2180 4113
2180 5601
2180 4722
205 2739
205 3278
205 1428
205 3650
205 1596
205 829
205 5372
205 4113
205 5601
205 4722
2739 3278
2739 1428
2739 3650
2739 1596
2739 829
2739 5372
2739 4113
2739 5601
2739 4722
3278 1428
3278 3650
3278 1596
3278 829
3278 5372
3278 4113
3278 5601
3278 4722
1428 3650
1428 1596
1428 829
1428 5372
1428 4113
1428 5601
1428 4722
3650 1596
3650 829
3650 5372
3650 4113
3650 5601
3650 4722
1596 829
1596 5372
1596 4113
1596 5601
1596 4722
829 5372
829 4113
829 5601
829 4722
5372 4113
5372 5601
5372 4722
4113 5601
4113 4722
5601 4722
2650 2783
2650 4220
2650 4907
2650 5193
2783 4220
2783 4907
2783 5193
4220 4907
4220 5193
4907 5193
1955 2397
80 792
80 158
80 2063
792 158
792 2063
158 2063
514 740
514 1100
514 1720
514 3093
514 881
514 4027
514 4454
514 4769
514 4798
514 315
514 49
514 6103
740 1100
740 1720
740 3093
740 881
740 4027
740 4454
740 4769
740 4798
740 315
740 49
740 6103
1100 1720
1100 3093
1100 881
1100 4027
1100 4454
1100 4769
1100 4798
1100 315
1100 49
1100 6103
1720 3093
1720 881
1720 4027
1720 4454
1720 4769
1720 4798
1720 315
1720 49
1720 6103
3093 881
3093 4027
3093 4454
3093 4769
3093 4798
3093 315
3093 49
3093 6103
881 4027
881 4454
881 4769
881 4798
881 315
881 49
881 6103
4027 4454
4027 4769
4027 4798
4027 315
4027 49
4027 6103
4454 4769
4454 4798
4454 315
4454 49
4454 6103
4769 4798
4769 315
4769 49
4769 6103
4798 315
4798 49
4798 6103
315 49
315 6103
49 6103
174 1059
174 1301
174 2146
174 2720
174 3639
174 4834
174 3483
1059 1301
1059 2146
1059 2720
1059 3639
1059 4834
1059 3483
1301 2146
1301 2720
1301 3639
1301 4834
1301 3483
2146 2720
2146 3639
2146 4834
2146 3483
2720 3639
2720 4834
2720 3483
3639 4834
3639 3483
4834 3483
2413 1927
2413 3826
2413 4557
2413 407
2413 344
2413 5787
1927 3826
1927 4557
1927 407
1927 344
1927 5787
3826 4557
3826 407
3826 344
3826 5787
4557 407
4557 344
4557 5787
407 344
407 5787
344 5787
611 1671
611 1975
611 3415
611 4705
1671 1975
1671 3415
1671 4705
1975 3415
1975 4705
3415 4705
2262 824
2262 6227
824 6227
1427 5657
1427 6104
5657 6104
2619 5586
2619 52
5586 52
4299 6047
277 40
277 2625
277 2755
277 3396
277 975
277 809
277 2610
277 1502
277 6118
277 6358
40 2625
40 2755
40 3396
40 975
40 809
40 2610
40 1502
40 6118
40 6358
2625 2755
2625 3396
2625 975
2625 809
2625 2610
2625 1502
2625 6118
2625 6358
2755 3396
2755 975
2755 809
2755 2610
2755 1502
2755 6118
2755 6358
3396 975
3396 809
3396 2610
3396 1502
3396 6118
3396 6358
975 809
975 2610
975 1502
975 6118
975 6358
809 2610
809 1502
809 6118
809 6358
2610 1502
2610 6118
2610 6358
1502 6118
1502 6358
6118 6358
698 2282
3733 3993
368 2325
368 3141
368 445
368 3613
368 5882
368 5914
2325 3141
2325 445
2325 3613
2325 5882
2325 5914
3141 445
3141 3613
3141 5882
3141 5914
445 3613
445 5882
445 5914
3613 5882
3613 5914
5882 5914
868 991
868 1116
868 855
868 1847
868 3220
868 4064
868 6219
991 1116
991 855
991 1847
991 3220
991 4064
991 6219
1116 855
1116 1847
1116 3220
1116 4064
1116 6219
855 1847
855 3220
855 4064
855 6219
1847 3220
1847 4064
1847 6219
3220 4064
3220 6219
4064 6219
3458 4329
3458 2699
4329 2699
504 2908
504 1789
504 283
2908 1789
2908 283
1789 283
3887 5316
37 1827
304 4164
2895 3649
806 928
806 1783
806 912
806 3624
806 4451
806 4940
806 1286
928 1783
928 912
928 3624
928 4451
928 4940
928 1286
1783 912
1783 3624
1783 4451
1783 4940
1783 1286
912 3624
912 4451
912 4940
912 1286
3624 4451
3624 4940
3624 1286
4451 4940
4451 1286
4940 1286
1012 43
1012 1302
1012 1410
1012 1791
1012 1914
1012 441
1012 342
1012 1086
1012 2803
1012 1528
1012 2969
1012 2982
1012 2289
1012 549
1012 3594
1012 3960
1012 3568
1012 4517
1012 4781
1012 2310
1012 5659
1012 3591
1012 701
43 1302
43 1410
43 1791
43 1914
43 441
43 342
43 1086
43 2803
43 1528
43 2969
43 2982
43 2289
43 549
43 3594
43 3960
43 3568
43 4517
43 4781
43 2310
43 5659
43 3591
43 701
1302 1410
1302 1791
1302 1914
1302 441
1302 342
1302 1086
1302 2803
1302 1528
1302 2969
1302 2982
1302 2289
1302 549
1302 3594
1302 3960
1302 3568
1302 4517
1302 4781
1302 2310
1302 5659
1302 3591
1302 701
1410 1791
1410 1914
1410 441
1410 342
1410 1086
1410 2803
1410 1528
1410 2969
1410 2982
1410 2289
1410 549
1410 3594
1410 3960
1410 3568
1410 4517
1410 4781
1410 2310
1410 5659
1410 3591
1410 701
1791 1914
1791 441
1791 342
1791 1086
1791 2803
1791 1528
1791 2969
1791 2982
1791 2289
1791 549
1791 3594
1791 3960
1791 3568
1791 4517
1791 4781
1791 2310
1791 5659
1791 3591
1791 701
1914 441
1914 342
1914 1086
1914 2803
1914 1528
1914 2969
1914 2982
1914 2289
1914 549
1914 3594
1914 3960
1914 3568
1914 4517
1914 4781
1914 2310
1914 5659
1914 3591
1914 701
441 342
441 1086
441 2803
441 1528
441 2969
441 2982
441 2289
441 549
441 3594
441 3960
441 3568
441 4517
441 4781
441 2310
441 5659
441 3591
441 701
342 1086
342 2803
342 1528
342 2969
342 2982
342 2289
342 549
342 3594
342 3960
342 3568
342 4517
342 4781
342 2310
342 5659
342 3591
342 701
1086 2803
1086 1528
1086 2969
1086 2982
1086 2289
1086 549
1086 3594
1086 3960
1086 3568
1086 4517
1086 4781
1086 2310
1086 5659
1086 3591
1086 701
2803 1528
2803 2969
2803 2982
2803 2289
2803 549
2803 3594
2803 3960
2803 3568
2803 4517
2803 4781
2803 2310
2803 5659
2803 3591
2803 701
1528 2969
1528 2982
1528 2289
1528 549
1528 3594
1528 3960
1528 3568
1528 4517
1528 4781
1528 2310
1528 5659
1528 3591
1528 701
2969 2982
2969 2289
2969 549
2969 3594
2969 3960
2969 3568
2969 4517
2969 4781
2969 2310
2969 5659
2969 3591
2969 701
2982 2289
2982 549
2982 3594
2982 3960
2982 3568
2982 4517
2982 4781
2982 2310
2982 5659
2982 3591
2982 701
2289 549
2289 3594
2289 3960
2289 3568
2289 4517
2289 4781
2289 2310
2289 5659
2289 3591
2289 701
549 3594
549 3960
549 3568
549 4517
549 4781
549 2310
549 5659
549 3591
549 701
3594 3960
3594 3568
3594 4517
3594 4781
3594 2310
3594 5659
3594 3591
3594 701
3960 3568
3960 4517
3960 4781
3960 2310
3960 5659
3960 3591
3960 701
3568 4517
3568 4781
3568 2310
3568 5659
3568 3591
3568 701
4517 4781
4517 2310
4517 5659
4517 3591
4517 701
4781 2310
4781 5659
4781 3591
4781 701
2310 5659
2310 3591
2310 701
5659 3591
5659 701
3591 701
1608 4791
1608 3325
4791 3325
2479 3168
2479 407
2479 235
2479 4763
2479 5821
3168 407
3168 235
3168 4763
3168 5821
407 235
407 4763
407 5821
235 4763
235 5821
4763 5821
473 399
5 95
5 1691
5 2067
5 3255
5 3965
5 5008
5 5102
5 5499
5 1789
95 1691
95 2067
95 3255
95 3965
95 5008
95 5102
95 5499
95 1789
1691 2067
1691 3255
1691 3965
1691 5008
1691 5102
1691 5499
1691 1789
2067 3255
2067 3965
2067 5008
2067 5102
2067 5499
2067 1789
3255 3965
3255 5008
3255 5102
3255 5499
3255 1789
3965 5008
3965 5102
3965 5499
3965 1789
5008 5102
5008 5499
5008 1789
5102 5499
5102 1789
5499 1789
2674 961
1412 2221
1412 2525
1412 4054
1412 5959
2221 2525
2221 4054
2221 5959
2525 4054
2525 5959
4054 5959
0 1860
146 1101
146 560
146 2203
146 718
1101 560
1101 2203
1101 718
560 2203
560 718
2203 718
974 926
126 184
126 3722
126 4471
184 3722
184 4471
3722 4471
2370 3531
1675 1899
1675 2383
1675 3084
1675 3509
1675 5337
1675 5460
1675 5619
1899 2383
1899 3084
1899 3509
1899 5337
1899 5460
1899 5619
2383 3084
2383 3509
2383 5337
2383 5460
2383 5619
3084 3509
3084 5337
3084 5460
3084 5619
3509 5337
3509 5460
3509 5619
5337 5460
5337 5619
5460 5619
969 2213
349 1041
349 2857
349 6147
1041 2857
1041 6147
2857 6147
67 2981
67 3686
67 6105
2981 3686
2981 6105
3686 6105
1221 1540
1221 481
1221 2627
1221 3453
1221 1423
1221 5338
1221 2489
1221 6260
1540 481
1540 2627
1540 3453
1540 1423
1540 5338
1540 2489
1540 6260
481 2627
481 3453
481 1423
481 5338
481 2489
481 6260
2627 3453
2627 1423
2627 5338
2627 2489
2627 6260
3453 1423
3453 5338
3453 2489
3453 6260
1423 5338
1423 2489
1423 6260
5338 2489
5338 6260
2489 6260
479 4317
712 1085
4873 5584
4873 6284
5584 6284
2188 6013
2188 1632
6013 1632
1694 1864
1694 2684
1694 2776
1694 4361
1864 2684
1864 2776
1864 4361
2684 2776
2684 4361
2776 4361
540 127
540 4397
540 5333
540 143
127 4397
127 5333
127 143
4397 5333
4397 143
5333 143
4085 800
1736 3527
312 285
312 5053
285 5053
5722 6045
291 235
1058 1240
1058 2147
1058 4258
1240 2147
1240 4258
2147 4258
4714 4252
824 2789
544 3046
544 4006
544 1973
3046 4006
3046 1973
4006 1973
798 1637
798 230
1637 230
115 3619
115 3939
3619 3939
1760 2679
1760 3335
1760 5889
2679 3335
2679 5889
3335 5889
259 3269
259 6095
3269 6095
316 1244
316 4418
316 4835
316 6264
1244 4418
1244 4835
1244 6264
4418 4835
4418 6264
4835 6264
593 1517
593 3161
1517 3161
4732 509
3453 4327
3453 4409
3453 1849
3453 5153
4327 4409
4327 1849
4327 5153
4409 1849
4409 5153
1849 5153
174 809
174 1532
809 1532
119 58
326 2875
326 3264
326 3312
326 711
326 5506
326 4006
2875 3264
2875 3312
2875 711
2875 5506
2875 4006
3264 3312
3264 711
3264 5506
3264 4006
3312 711
3312 5506
3312 4006
711 5506
711 4006
5506 4006
406 1202
406 646
406 297
406 2430
1202 646
1202 297
1202 2430
646 297
646 2430
297 2430
267 114
1129 2396
1129 2493
1129 3520
1129 3589
1129 205
1129 4445
1129 4617
2396 2493
2396 3520
2396 3589
2396 205
2396 4445
2396 4617
2493 3520
2493 3589
2493 205
2493 4445
2493 4617
3520 3589
3520 205
3520 4445
3520 4617
3589 205
3589 4445
3589 4617
205 4445
205 4617
4445 4617
216 324
216 487
216 628
216 975
216 996
216 2489
216 1559
216 4243
216 4251
216 4599
216 4669
216 4703
216 4086
216 899
216 5450
216 5712
216 6192
216 1200
324 487
324 628
324 975
324 996
324 2489
324 1559
324 4243
324 4251
324 4599
324 4669
324 4703
324 4086
324 899
324 5450
324 5712
324 6192
324 1200
487 628
487 975
487 996
487 2489
487 1559
487 4243
487 4251
487 4599
487 4669
487 4703
487 4086
487 899
487 5450
487 5712
487 6192
487 1200
628 975
628 996
628 2489
628 1559
628 4243
628 4251
628 4599
628 4669
628 4703
628 4086
628 899
628 5450
628 5712
628 6192
628 1200
975 996
975 2489
975 1559
975 4243
975 4251
975 4599
975 4669
975 4703
975 4086
975 899
975 5450
975 5712
975 6192
975 1200
996 2489
996 1559
996 4243
996 4251
996 4599
996 4669
996 4703
996 4086
996 899
996 5450
996 5712
996 6192
996 1200
2489 1559
2489 4243
2489 4251
2489 4599
2489 4669
2489 4703
2489 4086
2489 899
2489 5450
2489 5712
2489 6192
2489 1200
1559 4243
1559 4251
1559 4599
1559 4669
1559 4703
1559 4086
1559 899
1559 5450
1559 5712
1559 6192
1559 1200
4243 4251
4243 4599
4243 4669
4243 4703
4243 4086
4243 899
4243 5450
4243 5712
4243 6192
4243 1200
4251 4599
4251 4669
4251 4703
4251 4086
4251 899
4251 5450
4251 5712
4251 6192
4251 1200
4599 4669
4599 4703
4599 4086
4599 899
4599 5450
4599 5712
4599 6192
4599 1200
4669 4703
4669 4086
4669 899
4669 5450
4669 5712
4669 6192
4669 1200
4703 4086
4703 899
4703 5450
4703 5712
4703 6192
4703 1200
4086 899
4086 5450
4086 5712
4086 6192
4086 1200
899 5450
899 5712
899 6192
899 1200
5450 5712
5450 6192
5450 1200
5712 6192
5712 1200
6192 1200
1327 1846
1327 6112
1846 6112
109 3694
738 1584
738 1730
738 1680
738 4342
738 1852
1584 1730
1584 1680
1584 4342
1584 1852
1730 1680
1730 4342
1730 1852
1680 4342
1680 1852
4342 1852
423 1619
423 1020
423 3689
1619 1020
1619 3689
1020 3689
577 2722
577 342
2722 342
217 3629
217 6242
3629 6242
2904 2831
2904 2629
2904 5598
2831 2629
2831 5598
2629 5598
604 1162
604 1079
604 5033
604 4984
1162 1079
1162 5033
1162 4984
1079 5033
1079 4984
5033 4984
1620 5903
1889 1789
1844 2483
1844 5237
1844 2063
2483 5237
2483 2063
5237 2063
681 1486
252 1602
252 3261
1602 3261
344 4530
3530 680
3530 5845
680 5845
537 3296
5203 6371
965 1162
665 1070
665 1001
665 2677
1070 1001
1070 2677
1001 2677
3263 5187
1102 1975
710 2374
710 2548
710 2605
710 2370
710 4917
710 5414
710 6392
2374 2548
2374 2605
2374 2370
2374 4917
2374 5414
2374 6392
2548 2605
2548 2370
2548 4917
2548 5414
2548 6392
2605 2370
2605 4917
2605 5414
2605 6392
2370 4917
2370 5414
2370 6392
4917 5414
4917 6392
5414 6392
1589 3486
1589 3867
1589 3923
1589 4960
1589 6029
3486 3867
3486 3923
3486 4960
3486 6029
3867 3923
3867 4960
3867 6029
3923 4960
3923 6029
4960 6029
2303 4235
2303 4256
4235 4256
582 1605
582 4720
582 6331
1605 4720
1605 6331
4720 6331
2820 272
85 965
85 1453
85 4472
85 6194
965 1453
965 4472
965 6194
1453 4472
1453 6194
4472 6194
4998 5835
1639 2296
1639 2809
1639 5118
1639 5323
2296 2809
2296 5118
2296 5323
2809 5118
2809 5323
5118 5323
4770 5475
2643 5378
850 988
850 1355
850 2163
850 2634
850 1212
850 3451
850 1861
850 5190
850 5529
850 5818
988 1355
988 2163
988 2634
988 1212
988 3451
988 1861
988 5190
988 5529
988 5818
1355 2163
1355 2634
1355 1212
1355 3451
1355 1861
1355 5190
1355 5529
1355 5818
2163 2634
2163 1212
2163 3451
2163 1861
2163 5190
2163 5529
2163 5818
2634 1212
2634 3451
2634 1861
2634 5190
2634 5529
2634 5818
1212 3451
1212 1861
1212 5190
1212 5529
1212 5818
3451 1861
3451 5190
3451 5529
3451 5818
1861 5190
1861 5529
1861 5818
5190 5529
5190 5818
5529 5818
161 206
161 532
161 556
161 925
161 1124
161 1283
161 1335
161 1481
161 1612
161 2470
161 2318
161 5064
161 5206
161 4666
206 532
206 556
206 925
206 1124
206 1283
206 1335
206 1481
206 1612
206 2470
206 2318
206 5064
206 5206
206 4666
532 556
532 925
532 1124
532 1283
532 1335
532 1481
532 1612
532 2470
532 2318
532 5064
532 5206
532 4666
556 925
556 1124
556 1283
556 1335
556 1481
556 1612
556 2470
556 2318
556 5064
556 5206
556 4666
925 1124
925 1283
925 1335
925 1481
925 1612
925 2470
925 2318
925 5064
925 5206
925 4666
1124 1283
1124 1335
1124 1481
1124 1612
1124 2470
1124 2318
1124 5064
1124 5206
1124 4666
1283 1335
1283 1481
1283 1612
1283 2470
1283 2318
1283 5064
1283 5206
1283 4666
1335 1481
1335 1612
1335 2470
1335 2318
1335 5064
1335 5206
1335 4666
1481 1612
1481 2470
1481 2318
1481 5064
1481 5206
1481 4666
1612 2470
1612 2318
1612 5064
1612 5206
1612 4666
2470 2318
2470 5064
2470 5206
2470 4666
2318 5064
2318 5206
2318 4666
5064 5206
5064 4666
5206 4666
155 386
155 6231
386 6231
331 4543
1466 4656
1466 5122
4656 5122
1026 2129
1026 2686
1026 4555
2129 2686
2129 4555
2686 4555
2846 2951
2846 199
2846 3769
2846 3668
2846 5792
2951 199
2951 3769
2951 3668
2951 5792
199 3769
199 3668
199 5792
3769 3668
3769 5792
3668 5792
909 2185
1573 663
1573 2924
663 2924
743 4944
2666 1160
136 1090
136 1534
136 2810
136 696
136 2380
136 2524
1090 1534
1090 2810
1090 696
1090 2380
1090 2524
1534 2810
1534 696
1534 2380
1534 2524
2810 696
2810 2380
2810 2524
696 2380
696 2524
2380 2524
3928 1577
3928 26
1577 26
927 760
398 1941
398 5089
398 1775
1941 5089
1941 1775
5089 1775
167 754
71 1960
71 2754
71 2769
71 2033
71 4418
71 6101
71 438
1960 2754
1960 2769
1960 2033
1960 4418
1960 6101
1960 438
2754 2769
2754 2033
2754 4418
2754 6101
2754 438
2769 2033
2769 4418
2769 6101
2769 438
2033 4418
2033 6101
2033 438
4418 6101
4418 438
6101 438
1115 2765
1115 2771
2765 2771
922 3006
1303 4023
901 1495
901 1262
901 285
1495 1262
1495 285
1262 285
982 3336
1627 926
2209 0
2209 2702
2209 872
0 2702
0 872
2702 872
1528 1676
339 573
1015 829
1510 3459
1510 3873
1510 4083
1510 4142
1510 3161
1510 5755
1510 5990
3459 3873
3459 4083
3459 4142
3459 3161
3459 5755
3459 5990
3873 4083
3873 4142
3873 3161
3873 5755
3873 5990
4083 4142
4083 3161
4083 5755
4083 5990
4142 3161
4142 5755
4142 5990
3161 5755
3161 5990
5755 5990
4801 6144
3574 402
3574 5216
402 5216
1676 758
1676 5623
758 5623
230 2746
230 4823
230 5081
230 5281
2746 4823
2746 5081
2746 5281
4823 5081
4823 5281
5081 5281
448 748
448 1040
448 1170
448 1835
448 1604
448 3378
448 880
448 3663
448 1775
448 4420
448 4653
448 3945
448 1419
448 5330
448 5421
448 1357
448 6057
748 1040
748 1170
748 1835
748 1604
748 3378
748 880
748 3663
748 1775
748 4420
748 4653
748 3945
748 1419
748 5330
748 5421
748 1357
748 6057
1040 1170
1040 1835
1040 1604
1040 3378
1040 880
1040 3663
1040 1775
1040 4420
1040 4653
1040 3945
1040 1419
1040 5330
1040 5421
1040 1357
1040 6057
1170 1835
1170 1604
1170 3378
1170 880
1170 3663
1170 1775
1170 4420
1170 4653
1170 3945
1170 1419
1170 5330
1170 5421
1170 1357
1170 6057
1835 1604
1835 3378
1835 880
1835 3663
1835 1775
1835 4420
1835 4653
1835 3945
1835 1419
1835 5330
1835 5421
1835 1357
1835 6057
1604 3378
1604 880
1604 3663
1604 1775
1604 4420
1604 4653
1604 3945
1604 1419
1604 5330
1604 5421
1604 1357
1604 6057
3378 880
3378 3663
3378 1775
3378 4420
3378 4653
3378 3945
3378 1419
3378 5330
3378 5421
3378 1357
3378 6057
880 3663
880 1775
880 4420
880 4653
880 3945
880 1419
880 5330
880 5421
880 1357
880 6057
3663 1775
3663 4420
3663 4653
3663 3945
3663 1419
3663 5330
3663 5421
3663 1357
3663 6057
1775 4420
1775 4653
1775 3945
1775 1419
1775 5330
1775 5421
1775 1357
1775 6057
4420 4653
4420 3945
4420 1419
4420 5330
4420 5421
4420 1357
4420 6057
4653 3945
4653 1419
4653 5330
4653 5421
4653 1357
4653 6057
3945 1419
3945 5330
3945 5421
3945 1357
3945 6057
1419 5330
1419 5421
1419 1357
1419 6057
5330 5421
5330 1357
5330 6057
5421 1357
5421 6057
1357 6057
279 319
279 549
279 824
279 1488
279 2183
279 2306
279 2757
279 3823
279 4213
279 198
279 5074
279 2059
279 3189
279 1556
319 549
319 824
319 1488
319 2183
319 2306
319 2757
319 3823
319 4213
319 198
319 5074
319 2059
319 3189
319 1556
549 824
549 1488
549 2183
549 2306
549 2757
549 3823
549 4213
549 198
549 5074
549 2059
549 3189
549 1556
824 1488
824 2183
824 2306
824 2757
824 3823
824 4213
824 198
824 5074
824 2059
824 3189
824 1556
1488 2183
1488 2306
1488 2757
1488 3823
1488 4213
1488 198
1488 5074
1488 2059
1488 3189
1488 1556
2183 2306
2183 2757
2183 3823
2183 4213
2183 198
2183 5074
2183 2059
2183 3189
2183 1556
2306 2757
2306 3823
2306 4213
2306 198
2306 5074
2306 2059
2306 3189
2306 1556
2757 3823
2757 4213
2757 198
2757 5074
2757 2059
2757 3189
2757 1556
3823 4213
3823 198
3823 5074
3823 2059
3823 3189
3823 1556
4213 198
4213 5074
4213 2059
4213 3189
4213 1556
198 5074
198 2059
198 3189
198 1556
5074 2059
5074 3189
5074 1556
2059 3189
2059 1556
3189 1556
33 66
33 2048
66 2048
1253 2309
1253 2365
1253 889
1253 3008
1253 4197
1253 4460
1253 4503
1253 4513
1253 285
1253 5349
1253 2330
2309 2365
2309 889
2309 3008
2309 4197
2309 4460
2309 4503
2309 4513
2309 285
2309 5349
2309 2330
2365 889
2365 3008
2365 4197
2365 4460
2365 4503
2365 4513
2365 285
2365 5349
2365 2330
889 3008
889 4197
889 4460
889 4503
889 4513
889 285
889 5349
889 2330
3008 4197
3008 4460
3008 4503
3008 4513
3008 285
3008 5349
3008 2330
4197 4460
4197 4503
4197 4513
4197 285
4197 5349
4197 2330
4460 4503
4460 4513
4460 285
4460 5349
4460 2330
4503 4513
4503 285
4503 5349
4503 2330
4513 285
4513 5349
4513 2330
285 5349
285 2330
5349 2330
191 6349
586 20
835 4883
2714 1296
1428 5664
1428 6138
5664 6138
1893 4401
1210 1218
1210 1868
1210 2020
1210 3989
1218 1868
1218 2020
1218 3989
1868 2020
1868 3989
2020 3989
2284 4844
713 1838
3043 1870
3043 344
1870 344
4194 4297
4194 6233
4297 6233
2068 5687
622 4757
622 4293
4757 4293
1424 2594
1424 2258
2594 2258
71 2266
425 5030
1801 5177
3239 2550
3239 5770
2550 5770
6151 3702
2189 2784
669 1957
669 3888
1957 3888
2891 315
2891 5264
315 5264
1827 2245
1827 1353
2245 1353
5256 5289
2234 2796
2234 2500
2796 2500
635 2589
635 2063
635 62
2589 2063
2589 62
2063 62
72 1707
72 1973
72 207
72 2884
1707 1973
1707 207
1707 2884
1973 207
1973 2884
207 2884
1195 1372
1056 5562
946 962
946 3368
962 3368
755 2721
599 11
599 3324
11 3324
786 2282
786 2656
786 4745
786 448
2282 2656
2282 4745
2282 448
2656 4745
2656 448
4745 448
1793 62
1618 2152
1618 2290
1618 4331
1618 1200
1618 1406
2152 2290
2152 4331
2152 1200
2152 1406
2290 4331
2290 1200
2290 1406
4331 1200
4331 1406
1200 1406
709 1665
709 351
709 2256
709 5155
709 5240
709 2402
709 553
709 205
1665 351
1665 2256
1665 5155
1665 5240
1665 2402
1665 553
1665 205
351 2256
351 5155
351 5240
351 2402
351 553
351 205
2256 5155
2256 5240
2256 2402
2256 553
2256 205
5155 5240
5155 2402
5155 553
5155 205
5240 2402
5240 553
5240 205
2402 553
2402 205
553 205
1158 1284
1158 1482
1158 1509
1158 1468
1158 1755
1158 1792
1158 2154
1158 2423
1158 2586
1158 3025
1158 360
1158 3627
1158 3857
1158 4838
1158 5270
1158 2187
1158 5548
1158 5656
1158 6273
1158 6363
1158 6400
1284 1482
1284 1509
1284 1468
1284 1755
1284 1792
1284 2154
1284 2423
1284 2586
1284 3025
1284 360
1284 3627
1284 3857
1284 4838
1284 5270
1284 2187
1284 5548
1284 5656
1284 6273
1284 6363
1284 6400
1482 1509
1482 1468
1482 1755
1482 1792
1482 2154
1482 2423
1482 2586
1482 3025
1482 360
1482 3627
1482 3857
1482 4838
1482 5270
1482 2187
1482 5548
1482 5656
1482 6273
1482 6363
1482 6400
1509 1468
1509 1755
1509 1792
1509 2154
1509 2423
1509 2586
1509 3025
1509 360
1509 3627
1509 3857
1509 4838
1509 5270
1509 2187
1509 5548
1509 5656
1509 6273
1509 6363
1509 6400
1468 1755
1468 1792
1468 2154
1468 2423
1468 2586
1468 3025
1468 360
1468 3627
1468 3857
1468 4838
1468 5270
1468 2187
1468 5548
1468 5656
1468 6273
1468 6363
1468 6400
1755 1792
1755 2154
1755 2423
1755 2586
1755 3025
1755 360
1755 3627
1755 3857
1755 4838
1755 5270
1755 2187
1755 5548
1755 5656
1755 6273
1755 6363
1755 6400
1792 2154
1792 2423
1792 2586
1792 3025
1792 360
1792 3627
1792 3857
1792 4838
1792 5270
1792 2187
1792 5548
1792 5656
1792 6273
1792 6363
1792 6400
2154 2423
2154 2586
2154 3025
2154 360
2154 3627
2154 3857
2154 4838
2154 5270
2154 2187
2154 5548
2154 5656
2154 6273
2154 6363
2154 6400
2423 2586
2423 3025
2423 360
2423 3627
2423 3857
2423 4838
2423 5270
2423 2187
2423 5548
2423 5656
2423 6273
2423 6363
2423 6400
2586 3025
2586 360
2586 3627
2586 3857
2586 4838
2586 5270
2586 2187
2586 5548
2586 5656
2586 6273
2586 6363
2586 6400
3025 360
3025 3627
3025 3857
3025 4838
3025 5270
3025 2187
3025 5548
3025 5656
3025 6273
3025 6363
3025 6400
360 3627
360 3857
360 4838
360 5270
360 2187
360 5548
360 5656
360 6273
360 6363
360 6400
3627 3857
3627 4838
3627 5270
3627 2187
3627 5548
3627 5656
3627 6273
3627 6363
3627 6400
3857 4838
3857 5270
3857 2187
3857 5548
3857 5656
3857 6273
3857 6363
3857 6400
4838 5270
4838 2187
4838 5548
4838 5656
4838 6273
4838 6363
4838 6400
5270 2187
5270 5548
5270 5656
5270 6273
5270 6363
5270 6400
2187 5548
2187 5656
2187 6273
2187 6363
2187 6400
5548 5656
5548 6273
5548 6363
5548 6400
5656 6273
5656 6363
5656 6400
6273 6363
6273 6400
6363 6400
437 5750
2377 5301
81 1359
707 1502
707 2091
707 888
707 3446
1502 2091
1502 888
1502 3446
2091 888
2091 3446
888 3446
84 245
84 3971
84 1724
245 3971
245 1724
3971 1724
934 193
934 2689
934 5066
934 5352
934 535
934 5968
193 2689
193 5066
193 5352
193 535
193 5968
2689 5066
2689 5352
2689 535
2689 5968
5066 5352
5066 535
5066 5968
5352 535
5352 5968
535 5968
4504 5531
4504 6109
4504 6163
5531 6109
5531 6163
6109 6163
644 4317
644 5127
644 5847
644 6149
4317 5127
4317 5847
4317 6149
5127 5847
5127 6149
5847 6149
5905 407
789 1083
789 1087
789 2427
789 2597
789 3030
789 2138
789 3236
789 3243
789 3617
789 3837
789 968
789 4469
789 4585
789 2656
789 267
789 1724
789 4561
789 827
789 5621
789 5683
789 6068
1083 1087
1083 2427
1083 2597
1083 3030
1083 2138
1083 3236
1083 3243
1083 3617
1083 3837
1083 968
1083 4469
1083 4585
1083 2656
1083 267
1083 1724
1083 4561
1083 827
1083 5621
1083 5683
1083 6068
1087 2427
1087 2597
1087 3030
1087 2138
1087 3236
1087 3243
1087 3617
1087 3837
1087 968
1087 4469
1087 4585
1087 2656
1087 267
1087 1724
1087 4561
1087 827
1087 5621
1087 5683
1087 6068
2427 2597
2427 3030
2427 2138
2427 3236
2427 3243
2427 3617
2427 3837
2427 968
2427 4469
2427 4585
2427 2656
2427 267
2427 1724
2427 4561
2427 827
2427 5621
2427 5683
2427 6068
2597 3030
2597 2138
2597 3236
2597 3243
2597 3617
2597 3837
2597 968
2597 4469
2597 4585
2597 2656
2597 267
2597 1724
2597 4561
2597 827
2597 5621
2597 5683
2597 6068
3030 2138
3030 3236
3030 3243
3030 3617
3030 3837
3030 968
3030 4469
3030 4585
3030 2656
3030 267
3030 1724
3030 4561
3030 827
3030 5621
3030 5683
3030 6068
2138 3236
2138 3243
2138 3617
2138 3837
2138 968
2138 4469
2138 4585
2138 2656
2138 267
2138 1724
2138 4561
2138 827
2138 5621
2138 5683
2138 6068
3236 3243
3236 3617
3236 3837
3236 968
3236 4469
3236 4585
3236 2656
3236 267
3236 1724
3236 4561
3236 827
3236 5621
3236 5683
3236 6068
3243 3617
3243 3837
3243 968
3243 4469
3243 4585
3243 2656
3243 267
3243 1724
3243 4561
3243 827
3243 5621
3243 5683
3243 6068
3617 3837
3617 968
3617 4469
3617 4585
3617 2656
3617 267
3617 1724
3617 4561
3617 827
3617 5621
3617 5683
3617 6068
3837 968
3837 4469
3837 4585
3837 2656
3837 267
3837 1724
3837 4561
3837 827
3837 5621
3837 5683
3837 6068
968 4469
968 4585
968 2656
968 267
968 1724
968 4561
968 827
968 5621
968 5683
968 6068
4469 4585
4469 2656
4469 267
4469 1724
4469 4561
4469 827
4469 5621
4469 5683
4469 6068
4585 2656
4585 267
4585 1724
4585 4561
4585 827
4585 5621
4585 5683
4585 6068
2656 267
2656 1724
2656 4561
2656 827
2656 5621
2656 5683
2656 6068
267 1724
267 4561
267 827
267 5621
267 5683
267 6068
1724 4561
1724 827
1724 5621
1724 5683
1724 6068
4561 827
4561 5621
4561 5683
4561 6068
827 5621
827 5683
827 6068
5621 5683
5621 6068
5683 6068
4387 6361
464 579
464 5350
579 5350
80 1772
80 3442
80 3966
80 2507
80 4048
80 4483
80 3507
80 4918
80 1419
80 6180
80 5205
1772 3442
1772 3966
1772 2507
1772 4048
1772 4483
1772 3507
1772 4918
1772 1419
1772 6180
1772 5205
3442 3966
3442 2507
3442 4048
3442 4483
3442 3507
3442 4918
3442 1419
3442 6180
3442 5205
3966 2507
3966 4048
3966 4483
3966 3507
3966 4918
3966 1419
3966 6180
3966 5205
2507 4048
2507 4483
2507 3507
2507 4918
2507 1419
2507 6180
2507 5205
4048 4483
4048 3507
4048 4918
4048 1419
4048 6180
4048 5205
4483 3507
4483 4918
4483 1419
4483 6180
4483 5205
3507 4918
3507 1419
3507 6180
3507 5205
4918 1419
4918 6180
4918 5205
1419 6180
1419 5205
6180 5205
2065 3978
1034 3768
1034 4137
1034 4418
3768 4137
3768 4418
4137 4418
432 2706
432 4825
2706 4825
2004 2943
2004 3601
2943 3601
732 963
1865 2050
209 2051
220 6022
1798 2310
1798 1607
2310 1607
1499 2248
1499 2490
2248 2490
606 2132
606 3447
2132 3447
924 1860
1227 1000
2490 3358
2532 3771
599 421
599 4938
599 2738
599 480
421 4938
421 2738
421 480
4938 2738
4938 480
2738 480
653 978
653 1094
653 1648
653 2023
653 1327
653 3710
653 3795
653 4062
653 2361
978 1094
978 1648
978 2023
978 1327
978 3710
978 3795
978 4062
978 2361
1094 1648
1094 2023
1094 1327
1094 3710
1094 3795
1094 4062
1094 2361
1648 2023
1648 1327
1648 3710
1648 3795
1648 4062
1648 2361
2023 1327
2023 3710
2023 3795
2023 4062
2023 2361
1327 3710
1327 3795
1327 4062
1327 2361
3710 3795
3710 4062
3710 2361
3795 4062
3795 2361
4062 2361
1613 127
357 2703
615 3885
1453 3721
1823 2158
1823 495
2158 495
3691 5643
470 2580
470 3103
470 1073
470 5699
2580 3103
2580 1073
2580 5699
3103 1073
3103 5699
1073 5699
452 5579
658 5744
3384 1836
5721 5854
856 1764
856 1990
856 4287
856 4481
856 4974
1764 1990
1764 4287
1764 4481
1764 4974
1990 4287
1990 4481
1990 4974
4287 4481
4287 4974
4481 4974
342 1057
342 40
342 448
342 3349
342 4223
342 4437
342 1586
1057 40
1057 448
1057 3349
1057 4223
1057 4437
1057 1586
40 448
40 3349
40 4223
40 4437
40 1586
448 3349
448 4223
448 4437
448 1586
3349 4223
3349 4437
3349 1586
4223 4437
4223 1586
4437 1586
2467 4371
3149 3814
3149 1816
3149 490
3814 1816
3814 490
1816 490
337 82
337 352
82 352
373 702
373 1715
373 1721
373 3247
373 4112
373 4288
373 4891
702 1715
702 1721
702 3247
702 4112
702 4288
702 4891
1715 1721
1715 3247
1715 4112
1715 4288
1715 4891
1721 3247
1721 4112
1721 4288
1721 4891
3247 4112
3247 4288
3247 4891
4112 4288
4112 4891
4288 4891
2 503
2 773
2 829
2 934
2 1289
2 2012
2 2028
2 4515
2 3327
2 6123
2 4135
503 773
503 829
503 934
503 1289
503 2012
503 2028
503 4515
503 3327
503 6123
503 4135
773 829
773 934
773 1289
773 2012
773 2028
773 4515
773 3327
773 6123
773 4135
829 934
829 1289
829 2012
829 2028
829 4515
829 3327
829 6123
829 4135
934 1289
934 2012
934 2028
934 4515
934 3327
934 6123
934 4135
1289 2012
1289 2028
1289 4515
1289 3327
1289 6123
1289 4135
2012 2028
2012 4515
2012 3327
2012 6123
2012 4135
2028 4515
2028 3327
2028 6123
2028 4135
4515 3327
4515 6123
4515 4135
3327 6123
3327 4135
6123 4135
306 1057
306 1000
306 4572
306 2712
306 4784
306 4880
306 5465
306 5478
306 4102
306 540
1057 1000
1057 4572
1057 2712
1057 4784
1057 4880
1057 5465
1057 5478
1057 4102
1057 540
1000 4572
1000 2712
1000 4784
1000 4880
1000 5465
1000 5478
1000 4102
1000 540
4572 2712
4572 4784
4572 4880
4572 5465
4572 5478
4572 4102
4572 540
2712 4784
2712 4880
2712 5465
2712 5478
2712 4102
2712 540
4784 4880
4784 5465
4784 5478
4784 4102
4784 540
4880 5465
4880 5478
4880 4102
4880 540
5465 5478
5465 4102
5465 540
5478 4102
5478 540
4102 540
76 1520
1761 2230
407 3717
407 563
3717 563
303 1520
303 443
1520 443
4977 1830
3412 5502
19 176
3656 2289
494 366
494 112
366 112
1362 1363
1362 243
1362 1986
1362 2712
1362 713
1362 5331
1362 760
1363 243
1363 1986
1363 2712
1363 713
1363 5331
1363 760
243 1986
243 2712
243 713
243 5331
243 760
1986 2712
1986 713
1986 5331
1986 760
2712 713
2712 5331
2712 760
713 5331
713 760
5331 760
48 1312
48 1419
48 1607
48 306
48 998
48 3421
48 1782
48 1736
48 2568
48 4281
48 5183
48 2063
48 1593
1312 1419
1312 1607
1312 306
1312 998
1312 3421
1312 1782
1312 1736
1312 2568
1312 4281
1312 5183
1312 2063
1312 1593
1419 1607
1419 306
1419 998
1419 3421
1419 1782
1419 1736
1419 2568
1419 4281
1419 5183
1419 2063
1419 1593
1607 306
1607 998
1607 3421
1607 1782
1607 1736
1607 2568
1607 4281
1607 5183
1607 2063
1607 1593
306 998
306 3421
306 1782
306 1736
306 2568
306 4281
306 5183
306 2063
306 1593
998 3421
998 1782
998 1736
998 2568
998 4281
998 5183
998 2063
998 1593
3421 1782
3421 1736
3421 2568
3421 4281
3421 5183
3421 2063
3421 1593
1782 1736
1782 2568
1782 4281
1782 5183
1782 2063
1782 1593
1736 2568
1736 4281
1736 5183
1736 2063
1736 1593
2568 4281
2568 5183
2568 2063
2568 1593
4281 5183
4281 2063
4281 1593
5183 2063
5183 1593
2063 1593
1816 1174
1816 5438
1816 6099
1174 5438
1174 6099
5438 6099
288 1223
288 351
288 3073
288 137
1223 351
1223 3073
1223 137
351 3073
351 137
3073 137
4346 2505
599 1760
599 1101
599 4701
599 6299
1760 1101
1760 4701
1760 6299
1101 4701
1101 6299
4701 6299
158 5980
3600 5817
1387 947
1387 3301
1387 889
1387 1199
1387 6
1387 5226
1387 5467
1387 2040
1387 5604
1387 5775
1387 5887
1387 5991
1387 6302
947 3301
947 889
947 1199
947 6
947 5226
947 5467
947 2040
947 5604
947 5775
947 5887
947 5991
947 6302
3301 889
3301 1199
3301 6
3301 5226
3301 5467
3301 2040
3301 5604
3301 5775
3301 5887
3301 5991
3301 6302
889 1199
889 6
889 5226
889 5467
889 2040
889 5604
889 5775
889 5887
889 5991
889 6302
1199 6
1199 5226
1199 5467
1199 2040
1199 5604
1199 5775
1199 5887
1199 5991
1199 6302
6 5226
6 5467
6 2040
6 5604
6 5775
6 5887
6 5991
6 6302
5226 5467
5226 2040
5226 5604
5226 5775
5226 5887
5226 5991
5226 6302
5467 2040
5467 5604
5467 5775
5467 5887
5467 5991
5467 6302
2040 5604
2040 5775
2040 5887
2040 5991
2040 6302
5604 5775
5604 5887
5604 5991
5604 6302
5775 5887
5775 5991
5775 6302
5887 5991
5887 6302
5991 6302
1505 3371
1505 3430
1505 3544
3371 3430
3371 3544
3430 3544
747 827
747 5207
747 494
747 975
747 5984
827 5207
827 494
827 975
827 5984
5207 494
5207 975
5207 5984
494 975
494 5984
975 5984
3186 475
3186 4999
3186 5370
3186 5373
3186 5822
3186 5963
3186 3086
475 4999
475 5370
475 5373
475 5822
475 5963
475 3086
4999 5370
4999 5373
4999 5822
4999 5963
4999 3086
5370 5373
5370 5822
5370 5963
5370 3086
5373 5822
5373 5963
5373 3086
5822 5963
5822 3086
5963 3086
159 873
159 143
159 3801
159 5113
159 611
873 143
873 3801
873 5113
873 611
143 3801
143 5113
143 611
3801 5113
3801 611
5113 611
249 429
484 5306
684 1656
1010 3373
209 3825
350 803
350 368
803 368
2805 515
832 6066
4595 5572
1539 2764
3468 487
1111 3287
1111 781
3287 781
20 726
20 283
726 283
3702 4324
1016 2524
1016 2715
1016 1477
1016 5148
2524 2715
2524 1477
2524 5148
2715 1477
2715 5148
1477 5148
4862 5044
4862 5741
5044 5741
236 1663
236 2464
236 3149
236 3861
236 434
236 4571
236 1556
236 5459
236 2158
236 6136
1663 2464
1663 3149
1663 3861
1663 434
1663 4571
1663 1556
1663 5459
1663 2158
1663 6136
2464 3149
2464 3861
2464 434
2464 4571
2464 1556
2464 5459
2464 2158
2464 6136
3149 3861
3149 434
3149 4571
3149 1556
3149 5459
3149 2158
3149 6136
3861 434
3861 4571
3861 1556
3861 5459
3861 2158
3861 6136
434 4571
434 1556
434 5459
434 2158
434 6136
4571 1556
4571 5459
4571 2158
4571 6136
1556 5459
1556 2158
1556 6136
5459 2158
5459 6136
2158 6136
990 1768
990 4500
1768 4500
800 3595
800 4702
800 4789
3595 4702
3595 4789
4702 4789
82 549
82 1841
82 3154
82 4261
82 5840
549 1841
549 3154
549 4261
549 5840
1841 3154
1841 4261
1841 5840
3154 4261
3154 5840
4261 5840
331 673
331 3112
331 3975
331 525
331 5297
331 5948
673 3112
673 3975
673 525
673 5297
673 5948
3112 3975
3112 525
3112 5297
3112 5948
3975 525
3975 5297
3975 5948
525 5297
525 5948
5297 5948
2437 733
2437 3143
733 3143
1988 2779
708 531
620 6185
0 281
0 3588
0 1223
0 2105
0 5059
281 3588
281 1223
281 2105
281 5059
3588 1223
3588 2105
3588 5059
1223 2105
1223 5059
2105 5059
190 840
190 5239
190 2878
190 5483
190 222
190 6007
190 6295
840 5239
840 2878
840 5483
840 222
840 6007
840 6295
5239 2878
5239 5483
5239 222
5239 6007
5239 6295
2878 5483
2878 222
2878 6007
2878 6295
5483 222
5483 6007
5483 6295
222 6007
222 6295
6007 6295
40 4298
40 431
4298 431
203 4138
203 2811
203 1544
203 4792
203 5962
4138 2811
4138 1544
4138 4792
4138 5962
2811 1544
2811 4792
2811 5962
1544 4792
1544 5962
4792 5962
1247 1529
1247 2211
1247 998
1247 2509
1247 3262
1247 210
1247 4436
1247 5253
1529 2211
1529 998
1529 2509
1529 3262
1529 210
1529 4436
1529 5253
2211 998
2211 2509
2211 3262
2211 210
2211 4436
2211 5253
998 2509
998 3262
998 210
998 4436
998 5253
2509 3262
2509 210
2509 4436
2509 5253
3262 210
3262 4436
3262 5253
210 4436
210 5253
4436 5253
3139 5653
878 1370
878 2420
1370 2420
501 858
501 2070
501 3381
501 407
501 4826
501 299
858 2070
858 3381
858 407
858 4826
858 299
2070 3381
2070 407
2070 4826
2070 299
3381 407
3381 4826
3381 299
407 4826
407 299
4826 299
232 605
232 2203
232 3214
605 2203
605 3214
2203 3214
244 2616
244 3434
244 1439
2616 3434
2616 1439
3434 1439
336 3807
336 4663
336 4560
3807 4663
3807 4560
4663 4560
335 3325
335 6071
3325 6071
1357 3660
1357 2660
1357 1466
1357 5812
3660 2660
3660 1466
3660 5812
2660 1466
2660 5812
1466 5812
2449 908
3161 3849
3161 4471
3849 4471
1610 1767
1610 1495
1610 3081
1610 3493
1610 5763
1610 1296
1610 5858
1767 1495
1767 3081
1767 3493
1767 5763
1767 1296
1767 5858
1495 3081
1495 3493
1495 5763
1495 1296
1495 5858
3081 3493
3081 5763
3081 1296
3081 5858
3493 5763
3493 1296
3493 5858
5763 1296
5763 5858
1296 5858
3698 6330
3477 5286
3477 5530
5286 5530
308 2029
308 2926
308 3076
308 3806
308 75
308 3591
308 4766
308 5662
308 5685
308 5890
308 6030
308 2586
308 1680
2029 2926
2029 3076
2029 3806
2029 75
2029 3591
2029 4766
2029 5662
2029 5685
2029 5890
2029 6030
2029 2586
2029 1680
2926 3076
2926 3806
2926 75
2926 3591
2926 4766
2926 5662
2926 5685
2926 5890
2926 6030
2926 2586
2926 1680
3076 3806
3076 75
3076 3591
3076 4766
3076 5662
3076 5685
3076 5890
3076 6030
3076 2586
3076 1680
3806 75
3806 3591
3806 4766
3806 5662
3806 5685
3806 5890
3806 6030
3806 2586
3806 1680
75 3591
75 4766
75 5662
75 5685
75 5890
75 6030
75 2586
75 1680
3591 4766
3591 5662
3591 5685
3591 5890
3591 6030
3591 2586
3591 1680
4766 5662
4766 5685
4766 5890
4766 6030
4766 2586
4766 1680
5662 5685
5662 5890
5662 6030
5662 2586
5662 1680
5685 5890
5685 6030
5685 2586
5685 1680
5890 6030
5890 2586
5890 1680
6030 2586
6030 1680
2586 1680
2131 3125
2106 3011
2106 515
2106 490
3011 515
3011 490
515 490
3362 2710
3362 6401
2710 6401
3246 3581
3246 198
3246 3728
3246 4238
3246 5464
3246 6081
3581 198
3581 3728
3581 4238
3581 5464
3581 6081
198 3728
198 4238
198 5464
198 6081
3728 4238
3728 5464
3728 6081
4238 5464
4238 6081
5464 6081
592 1334
592 2726
592 5219
592 5823
1334 2726
1334 5219
1334 5823
2726 5219
2726 5823
5219 5823
1967 982
3623 6078
3623 6343
6078 6343
197 243
197 435
197 566
197 1661
197 3029
197 768
197 5242
197 5295
197 5811
197 5955
197 6390
243 435
243 566
243 1661
243 3029
243 768
243 5242
243 5295
243 5811
243 5955
243 6390
435 566
435 1661
435 3029
435 768
435 5242
435 5295
435 5811
435 5955
435 6390
566 1661
566 3029
566 768
566 5242
566 5295
566 5811
566 5955
566 6390
1661 3029
1661 768
1661 5242
1661 5295
1661 5811
1661 5955
1661 6390
3029 768
3029 5242
3029 5295
3029 5811
3029 5955
3029 6390
768 5242
768 5295
768 5811
768 5955
768 6390
5242 5295
5242 5811
5242 5955
5242 6390
5295 5811
5295 5955
5295 6390
5811 5955
5811 6390
5955 6390
610 1577
610 2388
610 2578
610 2318
610 4715
610 6292
1577 2388
1577 2578
1577 2318
1577 4715
1577 6292
2388 2578
2388 2318
2388 4715
2388 6292
2578 2318
2578 4715
2578 6292
2318 4715
2318 6292
4715 6292
691 909
691 4938
909 4938
2798 2571
2789 170
2789 122
170 122
431 2669
502 4509
214 1910
214 2921
1910 2921
456 2235
456 6249
2235 6249
992 1981
1360 2108
1360 3807
2108 3807
888 3260
888 3891
888 2799
888 6084
3260 3891
3260 2799
3260 6084
3891 2799
3891 6084
2799 6084
803 2081
803 3622
2081 3622
0 3843
0 4015
0 4744
0 5492
0 5795
0 5921
0 1386
3843 4015
3843 4744
3843 5492
3843 5795
3843 5921
3843 1386
4015 4744
4015 5492
4015 5795
4015 5921
4015 1386
4744 5492
4744 5795
4744 5921
4744 1386
5492 5795
5492 5921
5492 1386
5795 5921
5795 1386
5921 1386
301 614
301 2562
301 2604
301 1115
301 881
301 1126
301 2537
301 4306
301 4576
301 4716
301 0
614 2562
614 2604
614 1115
614 881
614 1126
614 2537
614 4306
614 4576
614 4716
614 0
2562 2604
2562 1115
2562 881
2562 1126
2562 2537
2562 4306
2562 4576
2562 4716
2562 0
2604 1115
2604 881
2604 1126
2604 2537
2604 4306
2604 4576
2604 4716
2604 0
1115 881
1115 1126
1115 2537
1115 4306
1115 4576
1115 4716
1115 0
881 1126
881 2537
881 4306
881 4576
881 4716
881 0
1126 2537
1126 4306
1126 4576
1126 4716
1126 0
2537 4306
2537 4576
2537 4716
2537 0
4306 4576
4306 4716
4306 0
4576 4716
4576 0
4716 0
2564 3352
2039 2549
2335 4579
3898 2411
148 3884
907 2927
947 2931
947 3937
947 4003
947 4980
947 5558
2931 3937
2931 4003
2931 4980
2931 5558
3937 4003
3937 4980
3937 5558
4003 4980
4003 5558
4980 5558
2149 4143
2149 5054
4143 5054
36 104
36 423
104 423
1581 2082
1117 6375
3870 860
2099 3142
3598 3161
3598 5276
3598 525
3161 5276
3161 525
5276 525
722 4126
722 5594
4126 5594
57 1353
57 19
57 859
57 3616
57 4058
57 829
57 986
57 855
57 6247
57 2459
1353 19
1353 859
1353 3616
1353 4058
1353 829
1353 986
1353 855
1353 6247
1353 2459
19 859
19 3616
19 4058
19 829
19 986
19 855
19 6247
19 2459
859 3616
859 4058
859 829
859 986
859 855
859 6247
859 2459
3616 4058
3616 829
3616 986
3616 855
3616 6247
3616 2459
4058 829
4058 986
4058 855
4058 6247
4058 2459
829 986
829 855
829 6247
829 2459
986 855
986 6247
986 2459
855 6247
855 2459
6247 2459
2537 176
2246 3849
180 372
534 2962
298 435
298 2797
298 525
435 2797
435 525
2797 525
299 344
299 1651
344 1651
275 488
275 540
275 1073
275 1449
275 655
275 2107
275 2297
275 961
275 800
275 4694
275 4808
275 5424
488 540
488 1073
488 1449
488 655
488 2107
488 2297
488 961
488 800
488 4694
488 4808
488 5424
540 1073
540 1449
540 655
540 2107
540 2297
540 961
540 800
540 4694
540 4808
540 5424
1073 1449
1073 655
1073 2107
1073 2297
1073 961
1073 800
1073 4694
1073 4808
1073 5424
1449 655
1449 2107
1449 2297
1449 961
1449 800
1449 4694
1449 4808
1449 5424
655 2107
655 2297
655 961
655 800
655 4694
655 4808
655 5424
2107 2297
2107 961
2107 800
2107 4694
2107 4808
2107 5424
2297 961
2297 800
2297 4694
2297 4808
2297 5424
961 800
961 4694
961 4808
961 5424
800 4694
800 4808
800 5424
4694 4808
4694 5424
4808 5424
4534 773
707 760
707 764
707 40
707 1803
707 1838
707 2215
707 2233
707 2648
707 2697
707 542
707 3729
707 3869
707 4026
707 1713
707 3315
707 2203
707 4364
707 1810
760 764
760 40
760 1803
760 1838
760 2215
760 2233
760 2648
760 2697
760 542
760 3729
760 3869
760 4026
760 1713
760 3315
760 2203
760 4364
760 1810
764 40
764 1803
764 1838
764 2215
764 2233
764 2648
764 2697
764 542
764 3729
764 3869
764 4026
764 1713
764 3315
764 2203
764 4364
764 1810
40 1803
40 1838
40 2215
40 2233
40 2648
40 2697
40 542
40 3729
40 3869
40 4026
40 1713
40 3315
40 2203
40 4364
40 1810
1803 1838
1803 2215
1803 2233
1803 2648
1803 2697
1803 542
1803 3729
1803 3869
1803 4026
1803 1713
1803 3315
1803 2203
1803 4364
1803 1810
1838 2215
1838 2233
1838 2648
1838 2697
1838 542
1838 3729
1838 3869
1838 4026
1838 1713
1838 3315
1838 2203
1838 4364
1838 1810
2215 2233
2215 2648
2215 2697
2215 542
2215 3729
2215 3869
2215 4026
2215 1713
2215 3315
2215 2203
2215 4364
2215 1810
2233 2648
2233 2697
2233 542
2233 3729
2233 3869
2233 4026
2233 1713
2233 3315
2233 2203
2233 4364
2233 1810
2648 2697
2648 542
2648 3729
2648 3869
2648 4026
2648 1713
2648 3315
2648 2203
2648 4364
2648 1810
2697 542
2697 3729
2697 3869
2697 4026
2697 1713
2697 3315
2697 2203
2697 4364
2697 1810
542 3729
542 3869
542 4026
542 1713
542 3315
542 2203
542 4364
542 1810
3729 3869
3729 4026
3729 1713
3729 3315
3729 2203
3729 4364
3729 1810
3869 4026
3869 1713
3869 3315
3869 2203
3869 4364
3869 1810
4026 1713
4026 3315
4026 2203
4026 4364
4026 1810
1713 3315
1713 2203
1713 4364
1713 1810
3315 2203
3315 4364
3315 1810
2203 4364
2203 1810
4364 1810
3177 4946
1103 1209
1103 2174
1103 3987
1103 525
1103 1834
1209 2174
1209 3987
1209 525
1209 1834
2174 3987
2174 525
2174 1834
3987 525
3987 1834
525 1834
10 1286
10 3133
10 4575
10 5243
10 1231
1286 3133
1286 4575
1286 5243
1286 1231
3133 4575
3133 5243
3133 1231
4575 5243
4575 1231
5243 1231
3566 5547
1357 3427
1357 525
3427 525
871 1535
871 448
871 4990
871 3476
1535 448
1535 4990
1535 3476
448 4990
448 3476
4990 3476
419 5782
1987 2617
1987 5474
2617 5474
634 5928
698 2206
287 369
287 1754
287 525
287 5369
287 1310
369 1754
369 525
369 5369
369 1310
1754 525
1754 5369
1754 1310
525 5369
525 1310
5369 1310
193 5217
193 5308
5217 5308
936 4178
1498 1071
711 1296
495 2013
495 4723
495 5408
495 6356
2013 4723
2013 5408
2013 6356
4723 5408
4723 6356
5408 6356
304 1276
971 2051
971 2957
971 1936
2051 2957
2051 1936
2957 1936
525 4593
525 6237
4593 6237
3234 3658
1503 2071
1503 4069
1503 5945
2071 4069
2071 5945
4069 5945
1159 2903
1159 3406
1159 242
1159 6265
2903 3406
2903 242
2903 6265
3406 242
3406 6265
242 6265
336 1564
336 3780
1564 3780
2339 5668
2339 5995
5668 5995
230 4352
4232 4767
138 3749
1130 3144
1130 4784
1130 104
3144 4784
3144 104
4784 104
3411 2399
262 859
262 1722
262 1115
262 1428
262 2540
262 760
262 2948
262 3523
262 3763
262 43
262 4682
262 855
262 5473
262 5732
262 6160
859 1722
859 1115
859 1428
859 2540
859 760
859 2948
859 3523
859 3763
859 43
859 4682
859 5473
859 5732
859 6160
1722 1115
1722 1428
1722 2540
1722 760
1722 2948
1722 3523
1722 3763
1722 43
1722 4682
1722 855
1722 5473
1722 5732
1722 6160
1115 1428
1115 2540
1115 760
1115 2948
1115 3523
1115 3763
1115 43
1115 4682
1115 855
1115 5473
1115 5732
1115 6160
1428 2540
1428 760
1428 2948
1428 3523
1428 3763
1428 43
1428 4682
1428 855
1428 5473
1428 5732
1428 6160
2540 760
2540 2948
2540 3523
2540 3763
2540 43
2540 4682
2540 855
2540 5473
2540 5732
2540 6160
760 2948
760 3523
760 3763
760 43
760 4682
760 855
760 5473
760 5732
760 6160
2948 3523
2948 3763
2948 43
2948 4682
2948 855
2948 5473
2948 5732
2948 6160
3523 3763
3523 43
3523 4682
3523 855
3523 5473
3523 5732
3523 6160
3763 43
3763 4682
3763 855
3763 5473
3763 5732
3763 6160
43 4682
43 855
43 5473
43 5732
43 6160
4682 855
4682 5473
4682 5732
4682 6160
855 5473
855 5732
855 6160
5473 5732
5473 6160
5732 6160
127 2206
127 6036
2206 6036
1533 2101
1533 2953
1533 2974
1533 3185
1533 3653
1533 3004
1533 3862
1533 4152
1533 4237
1533 4624
1533 1632
1533 5407
2101 2953
2101 2974
2101 3185
2101 3653
2101 3004
2101 3862
2101 4152
2101 4237
2101 4624
2101 1632
2101 5407
2953 2974
2953 3185
2953 3653
2953 3004
2953 3862
2953 4152
2953 4237
2953 4624
2953 1632
2953 5407
2974 3185
2974 3653
2974 3004
2974 3862
2974 4152
2974 4237
2974 4624
2974 1632
2974 5407
3185 3653
3185 3004
3185 3862
3185 4152
3185 4237
3185 4624
3185 1632
3185 5407
3653 3004
3653 3862
3653 4152
3653 4237
3653 4624
3653 1632
3653 5407
3004 3862
3004 4152
3004 4237
3004 4624
3004 1632
3004 5407
3862 4152
3862 4237
3862 4624
3862 1632
3862 5407
4152 4237
4152 4624
4152 1632
4152 5407
4237 4624
4237 1632
4237 5407
4624 1632
4624 5407
1632 5407
381 1894
381 2979
381 4044
1894 2979
1894 4044
2979 4044
448 6111
2155 2336
2155 3308
2336 3308
38 2570
2018 4554
4544 5194
852 1740
852 3842
852 1751
1740 3842
1740 1751
3842 1751
1067 3702
1067 1157
3702 1157
1680 4216
3286 5238
3286 5891
5238 5891
2193 4029
514 4665
514 5303
4665 5303
63 2179
63 5417
2179 5417
690 1998
690 4097
690 4733
690 2651
690 1941
1998 4097
1998 4733
1998 2651
1998 1941
4097 4733
4097 2651
4097 1941
4733 2651
4733 1941
2651 1941
1000 2428
1000 5526
2428 5526
636 1762
636 4927
1762 4927
1557 3305
1557 5538
3305 5538
2181 262
983 1674
768 5005
768 5097
768 2306
5005 5097
5005 2306
5097 2306
797 2871
797 4743
797 4061
2871 4743
2871 4061
4743 4061
1046 3393
337 623
4493 3923
4493 6367
3923 6367
2417 4717
2241 1978
2241 2985
2241 174
1978 2985
1978 174
2985 174
121 213
121 222
121 4354
213 222
213 4354
222 4354
3135 1558
3135 4172
1558 4172
1337 625
1337 1514
1337 3006
625 1514
625 3006
1514 3006
339 1360
339 6026
1360 6026
848 1901
848 1741
1901 1741
1883 5705
1861 1801
1861 619
1861 6312
1801 619
1801 6312
619 6312
234 2231
234 2718
234 1789
2231 2718
2231 1789
2718 1789
99 247
926 62
926 998
926 1792
62 998
62 1792
998 1792
92 1353
115 1023
815 2511
815 4154
2511 4154
225 3215
225 3734
225 4628
225 2072
225 5151
225 5798
225 1419
3215 3734
3215 4628
3215 2072
3215 5151
3215 5798
3215 1419
3734 4628
3734 2072
3734 5151
3734 5798
3734 1419
4628 2072
4628 5151
4628 5798
4628 1419
2072 5151
2072 5798
2072 1419
5151 5798
5151 1419
5798 1419
2289 4896
517 372
517 2724
517 3069
517 2610
517 1349
517 4605
372 2724
372 3069
372 2610
372 1349
372 4605
2724 3069
2724 2610
2724 1349
2724 4605
3069 2610
3069 1349
3069 4605
2610 1349
2610 4605
1349 4605
402 3044
382 2127
382 1992
382 4087
382 4338
382 3419
382 2379
382 2241
2127 1992
2127 4087
2127 4338
2127 3419
2127 2379
2127 2241
1992 4087
1992 4338
1992 3419
1992 2379
1992 2241
4087 4338
4087 3419
4087 2379
4087 2241
4338 3419
4338 2379
4338 2241
3419 2379
3419 2241
2379 2241
2795 3091
2795 4895
2795 295
2795 5556
3091 4895
3091 295
3091 5556
4895 295
4895 5556
295 5556
372 2151
372 3585
2151 3585
1521 1939
1403 2435
3571 4956
3590 3742
1730 1624
1730 272
1624 272
791 3001
791 3059
791 286
791 3690
791 748
791 2423
791 5589
791 1077
791 5398
791 5986
3001 3059
3001 286
3001 3690
3001 748
3001 2423
3001 5589
3001 1077
3001 5398
3001 5986
3059 286
3059 3690
3059 748
3059 2423
3059 5589
3059 1077
3059 5398
3059 5986
286 3690
286 748
286 2423
286 5589
286 1077
286 5398
286 5986
3690 748
3690 2423
3690 5589
3690 1077
3690 5398
3690 5986
748 2423
748 5589
748 1077
748 5398
748 5986
2423 5589
2423 1077
2423 5398
2423 5986
5589 1077
5589 5398
5589 5986
1077 5398
1077 5986
5398 5986
137 19
137 6288
19 6288
1543 2392
1078 2007
1078 2236
1078 2592
1078 2886
1078 2686
2007 2236
2007 2592
2007 2886
2007 2686
2236 2592
2236 2886
2236 2686
2592 2886
2592 2686
2886 2686
566 680
566 2837
566 3393
566 1391
566 4904
566 5695
680 2837
680 3393
680 1391
680 4904
680 5695
2837 3393
2837 1391
2837 4904
2837 5695
3393 1391
3393 4904
3393 5695
1391 4904
1391 5695
4904 5695
977 2495
977 297
977 5391
2495 297
2495 5391
297 5391
48 5924
48 6108
5924 6108
1560 3618
1737 889
150 1323
150 5564
1323 5564
3277 4499
275 4764
2395 5202
2395 2474
2395 1539
5202 2474
5202 1539
2474 1539
774 2164
774 707
774 4689
774 5442
2164 707
2164 4689
2164 5442
707 4689
707 5442
4689 5442
2561 149
2561 3416
2561 3935
2561 3952
2561 4448
2561 5065
2561 2029
149 3416
149 3935
149 3952
149 4448
149 5065
149 2029
3416 3935
3416 3952
3416 4448
3416 5065
3416 2029
3935 3952
3935 4448
3935 5065
3935 2029
3952 4448
3952 5065
3952 2029
4448 5065
4448 2029
5065 2029
183 2603
183 4473
183 926
183 5846
183 824
2603 4473
2603 926
2603 5846
2603 824
4473 926
4473 5846
4473 824
926 5846
926 824
5846 824
351 5312
58 818
58 1872
818 1872
462 2265
462 2349
462 3988
462 1008
2265 2349
2265 3988
2265 1008
2349 3988
2349 1008
3988 1008
4226 5345
49 913
49 2797
49 3640
49 5767
49 6031
913 2797
913 3640
913 5767
913 6031
2797 3640
2797 5767
2797 6031
3640 5767
3640 6031
5767 6031
2157 3370
305 586
305 908
305 2394
305 6377
586 908
586 2394
586 6377
908 2394
908 6377
2394 6377
1165 1765
1165 4830
1165 6318
1765 4830
1765 6318
4830 6318
857 976
857 1559
857 4046
857 5616
857 4530
857 5997
857 6100
857 6399
976 1559
976 4046
976 5616
976 4530
976 5997
976 6100
976 6399
1559 4046
1559 5616
1559 4530
1559 5997
1559 6100
1559 6399
4046 5616
4046 4530
4046 5997
4046 6100
4046 6399
5616 4530
5616 5997
5616 6100
5616 6399
4530 5997
4530 6100
4530 6399
5997 6100
5997 6399
6100 6399
1909 634
1909 4076
1909 4344
1909 4443
1909 5417
634 4076
634 4344
634 4443
634 5417
4076 4344
4076 4443
4076 5417
4344 4443
4344 5417
4443 5417
1442 5392
554 1150
554 1304
554 1507
554 1978
554 2087
554 2219
554 2238
554 2862
554 3065
554 3137
554 3224
554 3300
554 611
554 3770
554 1262
554 281
554 4351
554 801
554 5115
554 3842
554 3462
554 5077
554 2906
1150 1304
1150 1507
1150 1978
1150 2087
1150 2219
1150 2238
1150 2862
1150 3065
1150 3137
1150 3224
1150 3300
1150 611
1150 3770
1150 1262
1150 281
1150 4351
1150 801
1150 5115
1150 3842
1150 3462
1150 5077
1150 2906
1304 1507
1304 1978
1304 2087
1304 2219
1304 2238
1304 2862
1304 3065
1304 3137
1304 3224
1304 3300
1304 611
1304 3770
1304 1262
1304 281
1304 4351
1304 801
1304 5115
1304 3842
1304 3462
1304 5077
1304 2906
1507 1978
1507 2087
1507 2219
1507 2238
1507 2862
1507 3065
1507 3137
1507 3224
1507 3300
1507 611
1507 3770
1507 1262
1507 281
1507 4351
1507 801
1507 5115
1507 3842
1507 3462
1507 5077
1507 2906
1978 2087
1978 2219
1978 2238
1978 2862
1978 3065
1978 3137
1978 3224
1978 3300
1978 611
1978 3770
1978 1262
1978 281
1978 4351
1978 801
1978 5115
1978 3842
1978 3462
1978 5077
1978 2906
2087 2219
2087 2238
2087 2862
2087 3065
2087 3137
2087 3224
2087 3300
2087 611
2087 3770
2087 1262
2087 281
2087 4351
2087 801
2087 5115
2087 3842
2087 3462
2087 5077
2087 2906
2219 2238
2219 2862
2219 3065
2219 3137
2219 3224
2219 3300
2219 611
2219 3770
2219 1262
2219 281
2219 4351
2219 801
2219 5115
2219 3842
2219 3462
2219 5077
2219 2906
2238 2862
2238 3065
2238 3137
2238 3224
2238 3300
2238 611
2238 3770
2238 1262
2238 281
2238 4351
2238 801
2238 5115
2238 3842
2238 3462
2238 5077
2238 2906
2862 3065
2862 3137
2862 3224
2862 3300
2862 611
2862 3770
2862 1262
2862 281
2862 4351
2862 801
2862 5115
2862 3842
2862 3462
2862 5077
2862 2906
3065 3137
3065 3224
3065 3300
3065 611
3065 3770
3065 1262
3065 281
3065 4351
3065 801
3065 5115
3065 3842
3065 3462
3065 5077
3065 2906
3137 3224
3137 3300
3137 611
3137 3770
3137 1262
3137 281
3137 4351
3137 801
3137 5115
3137 3842
3137 3462
3137 5077
3137 2906
3224 3300
3224 611
3224 3770
3224 1262
3224 281
3224 4351
3224 801
3224 5115
3224 3842
3224 3462
3224 5077
3224 2906
3300 611
3300 3770
3300 1262
3300 281
3300 4351
3300 801
3300 5115
3300 3842
3300 3462
3300 5077
3300 2906
611 3770
611 1262
611 281
611 4351
611 801
611 5115
611 3842
611 3462
611 5077
611 2906
3770 1262
3770 281
3770 4351
3770 801
3770 5115
3770 3842
3770 3462
3770 5077
3770 2906
1262 281
1262 4351
1262 801
1262 5115
1262 3842
1262 3462
1262 5077
1262 2906
281 4351
281 801
281 5115
281 3842
281 3462
281 5077
281 2906
4351 801
4351 5115
4351 3842
4351 3462
4351 5077
4351 2906
801 5115
801 3842
801 3462
801 5077
801 2906
5115 3842
5115 3462
5115 5077
5115 2906
3842 3462
3842 5077
3842 2906
3462 5077
3462 2906
5077 2906
1068 2340
1068 494
1068 986
2340 494
2340 986
494 986
149 1431
794 223
3828 4821
258 318
258 3164
258 1046
258 6074
258 6202
318 3164
318 1046
318 6074
318 6202
3164 1046
3164 6074
3164 6202
1046 6074
1046 6202
6074 6202
674 1967
3127 3283
3127 3457
3127 282
3127 4285
3127 6342
3283 3457
3283 282
3283 4285
3283 6342
3457 282
3457 4285
3457 6342
282 4285
282 6342
4285 6342
845 5105
845 6113
5105 6113
861 525
861 2918
861 3592
861 3894
525 2918
525 3592
525 3894
2918 3592
2918 3894
3592 3894
1001 2149
1244 5710
1133 4207
1133 242
1133 2669
1133 6171
4207 242
4207 2669
4207 6171
242 2669
242 6171
2669 6171
668 4580
1439 2979
2053 4206
1011 491
1011 127
491 127
1009 5527
184 578
184 568
184 1965
184 4888
184 3156
578 568
578 1965
578 4888
578 3156
568 1965
568 4888
568 3156
1965 4888
1965 3156
4888 3156
3438 4551
3438 1941
4551 1941
1674 6346
520 2127
520 1439
520 4336
520 4085
2127 1439
2127 4336
2127 4085
1439 4336
1439 4085
4336 4085
112 1157
1629 443
1629 370
1629 6298
443 370
443 6298
370 6298
1340 4592
1340 5208
4592 5208
3085 326
644 3962
644 3689
644 2500
644 5160
644 5347
3962 3689
3962 2500
3962 5160
3962 5347
3689 2500
3689 5160
3689 5347
2500 5160
2500 5347
5160 5347
199 2857
199 3050
199 3743
199 180
199 4386
199 6187
2857 3050
2857 3743
2857 180
2857 4386
2857 6187
3050 3743
3050 180
3050 4386
3050 6187
3743 180
3743 4386
3743 6187
180 4386
180 6187
4386 6187
54 3340
54 3668
54 5776
3340 3668
3340 5776
3668 5776
1350 2860
1350 3323
2860 3323
2539 3692
2539 4830
3692 4830
572 1493
572 1090
572 344
572 848
572 4354
1493 1090
1493 344
1493 848
1493 4354
1090 344
1090 848
1090 4354
344 848
344 4354
848 4354
1255 1834
450 4488
1219 2281
1219 2826
1219 4487
1219 615
2281 2826
2281 4487
2281 615
2826 4487
2826 615
4487 615
714 1141
714 28
714 2195
714 3628
714 1266
714 2238
714 6339
1141 28
1141 2195
1141 3628
1141 1266
1141 2238
1141 6339
28 2195
28 3628
28 1266
28 2238
28 6339
2195 3628
2195 1266
2195 2238
2195 6339
3628 1266
3628 2238
3628 6339
1266 2238
1266 6339
2238 6339
1527 1810
1527 768
1527 3331
1527 4157
1527 1342
1527 5056
1527 5265
1527 4428
1527 342
1527 5953
1810 768
1810 3331
1810 4157
1810 1342
1810 5056
1810 5265
1810 4428
1810 342
1810 5953
768 3331
768 4157
768 1342
768 5056
768 5265
768 4428
768 342
768 5953
3331 4157
3331 1342
3331 5056
3331 5265
3331 4428
3331 342
3331 5953
4157 1342
4157 5056
4157 5265
4157 4428
4157 342
4157 5953
1342 5056
1342 5265
1342 4428
1342 342
1342 5953
5056 5265
5056 4428
5056 342
5056 5953
5265 4428
5265 342
5265 5953
4428 342
4428 5953
342 5953
215 672
215 813
215 1319
215 1427
215 1001
215 18
215 923
215 2716
215 3151
215 3386
215 1993
215 3910
215 760
215 4010
215 4304
215 4806
215 5052
215 5224
215 5730
215 5973
215 3305
672 813
672 1319
672 1427
672 1001
672 18
672 923
672 2716
672 3151
672 3386
672 1993
672 3910
672 760
672 4010
672 4304
672 4806
672 5052
672 5224
672 5730
672 5973
672 3305
813 1319
813 1427
813 1001
813 18
813 923
813 2716
813 3151
813 3386
813 1993
813 3910
813 760
813 4010
813 4304
813 4806
813 5052
813 5224
813 5730
813 5973
813 3305
1319 1427
1319 1001
1319 18
1319 923
1319 2716
1319 3151
1319 3386
1319 1993
1319 3910
1319 760
1319 4010
1319 4304
1319 4806
1319 5052
1319 5224
1319 5730
1319 5973
1319 3305
1427 1001
1427 18
1427 923
1427 2716
1427 3151
1427 3386
1427 1993
1427 3910
1427 760
1427 4010
1427 4304
1427 4806
1427 5052
1427 5224
1427 5730
1427 5973
1427 3305
1001 18
1001 923
1001 2716
1001 3151
1001 3386
1001 1993
1001 3910
1001 760
1001 4010
1001 4304
1001 4806
1001 5052
1001 5224
1001 5730
1001 5973
1001 3305
18 923
18 2716
18 3151
18 3386
18 1993
18 3910
18 760
18 4010
18 4304
18 4806
18 5052
18 5224
18 5730
18 5973
18 3305
923 2716
923 3151
923 3386
923 1993
923 3910
923 760
923 4010
923 4304
923 4806
923 5052
923 5224
923 5730
923 5973
923 3305
2716 3151
2716 3386
2716 1993
2716 3910
2716 760
2716 4010
2716 4304
2716 4806
2716 5052
2716 5224
2716 5730
2716 5973
2716 3305
3151 3386
3151 1993
3151 3910
3151 760
3151 4010
3151 4304
3151 4806
3151 5052
3151 5224
3151 5730
3151 5973
3151 3305
3386 1993
3386 3910
3386 760
3386 4010
3386 4304
3386 4806
3386 5052
3386 5224
3386 5730
3386 5973
3386 3305
1993 3910
1993 760
1993 4010
1993 4304
1993 4806
1993 5052
1993 5224
1993 5730
1993 5973
1993 3305
3910 760
3910 4010
3910 4304
3910 4806
3910 5052
3910 5224
3910 5730
3910 5973
3910 3305
760 4010
760 4304
760 4806
760 5052
760 5224
760 5730
760 5973
760 3305
4010 4304
4010 4806
4010 5052
4010 5224
4010 5730
4010 5973
4010 3305
4304 4806
4304 5052
4304 5224
4304 5730
4304 5973
4304 3305
4806 5052
4806 5224
4806 5730
4806 5973
4806 3305
5052 5224
5052 5730
5052 5973
5052 3305
5224 5730
5224 5973
5224 3305
5730 5973
5730 3305
5973 3305
2512 423
764 1730
787 1168
787 2469
787 3348
787 4428
787 3226
1168 2469
1168 3348
1168 4428
1168 3226
2469 3348
2469 4428
2469 3226
3348 4428
3348 3226
4428 3226
198 1760
198 748
198 40
198 4437
1760 748
1760 40
1760 4437
748 40
748 4437
2009 1213
330 3869
78 1024
78 2523
78 5592
1024 2523
1024 5592
2523 5592
73 4435
181 384
181 454
181 1074
181 699
181 2361
181 2631
181 1266
181 3610
181 3654
181 4596
181 836
181 1997
384 454
384 1074
384 699
384 2361
384 2631
384 1266
384 3610
384 3654
384 4596
384 836
384 1997
454 1074
454 699
454 2361
454 2631
454 1266
454 3610
454 3654
454 4596
454 836
454 1997
1074 699
1074 2361
1074 2631
1074 1266
1074 3610
1074 3654
1074 4596
1074 836
1074 1997
699 2361
699 2631
699 1266
699 3610
699 3654
699 4596
699 836
699 1997
2361 2631
2361 1266
2361 3610
2361 3654
2361 4596
2361 836
2361 1997
2631 1266
2631 3610
2631 3654
2631 4596
2631 836
2631 1997
1266 3610
1266 3654
1266 4596
1266 836
1266 1997
3610 3654
3610 4596
3610 836
3610 1997
3654 4596
3654 836
3654 1997
4596 836
4596 1997
836 1997
1936 333
800 442
3344 4547
1262 1397
1262 2111
1262 156
1262 423
1262 3602
1262 3802
1397 2111
1397 156
1397 423
1397 3602
1397 3802
2111 156
2111 423
2111 3602
2111 3802
156 423
156 3602
156 3802
423 3602
423 3802
3602 3802
1201 848
1201 83
1201 3455
1201 4335
1201 5375
1201 2299
1201 6341
848 83
848 3455
848 4335
848 5375
848 2299
848 6341
83 3455
83 4335
83 5375
83 2299
83 6341
3455 4335
3455 5375
3455 2299
3455 6341
4335 5375
4335 2299
4335 6341
5375 2299
5375 6341
2299 6341
1600 2867
1931 4322
1931 2761
4322 2761
1856 1997
1856 3429
1856 5960
1856 3283
1997 3429
1997 5960
1997 3283
3429 5960
3429 3283
5960 3283
476 286
476 2213
476 2999
476 1200
476 760
476 4516
476 4620
476 5280
476 3629
476 3387
476 6003
476 2410
286 2213
286 2999
286 1200
286 760
286 4516
286 4620
286 5280
286 3629
286 3387
286 6003
286 2410
2213 2999
2213 1200
2213 760
2213 4516
2213 4620
2213 5280
2213 3629
2213 3387
2213 6003
2213 2410
2999 1200
2999 760
2999 4516
2999 4620
2999 5280
2999 3629
2999 3387
2999 6003
2999 2410
1200 760
1200 4516
1200 4620
1200 5280
1200 3629
1200 3387
1200 6003
1200 2410
760 4516
760 4620
760 5280
760 3629
760 3387
760 6003
760 2410
4516 4620
4516 5280
4516 3629
4516 3387
4516 6003
4516 2410
4620 5280
4620 3629
4620 3387
4620 6003
4620 2410
5280 3629
5280 3387
5280 6003
5280 2410
3629 3387
3629 6003
3629 2410
3387 6003
3387 2410
6003 2410
3009 5039
893 3400
382 707
410 5040
486 968
486 2318
486 2458
486 871
486 2738
486 419
486 4550
486 4979
968 2318
968 2458
968 871
968 2738
968 419
968 4550
968 4979
2318 2458
2318 871
2318 2738
2318 419
2318 4550
2318 4979
2458 871
2458 2738
2458 419
2458 4550
2458 4979
871 2738
871 419
871 4550
871 4979
2738 419
2738 4550
2738 4979
419 4550
419 4979
4550 4979
967 6391
290 198
290 2996
198 2996
797 1531
1361 5398
1361 6133
5398 6133
1390 2072
1390 4653
2072 4653
2772 2829
1749 2030
1635 1744
746 1824
746 3315
746 285
746 3240
1824 3315
1824 285
1824 3240
3315 285
3315 3240
285 3240
559 176
559 4352
176 4352
426 1492
426 267
426 2034
426 5063
426 5404
1492 267
1492 2034
1492 5063
1492 5404
267 2034
267 5063
267 5404
2034 5063
2034 5404
5063 5404
168 433
168 1037
168 1389
168 1930
168 2082
168 178
168 2295
168 6224
433 1037
433 1389
433 1930
433 2082
433 178
433 2295
433 6224
1037 1389
1037 1930
1037 2082
1037 178
1037 2295
1037 6224
1389 1930
1389 2082
1389 178
1389 2295
1389 6224
1930 2082
1930 178
1930 2295
1930 6224
2082 178
2082 2295
2082 6224
178 2295
178 6224
2295 6224
255 371
255 1156
255 2791
255 4043
371 1156
371 2791
371 4043
1156 2791
1156 4043
2791 4043
3338 4878
176 2103
1969 3982
1969 4499
1969 6027
3982 4499
3982 6027
4499 6027
3403 4676
3567 434
2330 2663
2330 4879
2663 4879
1616 3548
695 525
695 956
695 5764
695 5920
695 5228
695 4171
525 956
525 5764
525 5920
525 5228
525 4171
956 5764
956 5920
956 5228
956 4171
5764 5920
5764 5228
5764 4171
5920 5228
5920 4171
5228 4171
511 1018
511 4779
1018 4779
2608 4260
2608 5679
4260 5679
943 1378
943 3208
943 3409
943 4842
943 5718
943 971
1378 3208
1378 3409
1378 4842
1378 5718
1378 971
3208 3409
3208 4842
3208 5718
3208 971
3409 4842
3409 5718
3409 971
4842 5718
4842 971
5718 971
155 985
155 6239
985 6239
610 0
525 6010
382 1320
382 3892
1320 3892
1828 5339
2019 3859
286 292
286 502
286 2789
286 3273
286 2238
286 3934
286 4303
286 1862
286 1301
286 2760
286 5961
286 6222
286 2019
286 369
292 502
292 2789
292 3273
292 2238
292 3934
292 4303
292 1862
292 1301
292 2760
292 5961
292 6222
292 2019
292 369
502 2789
502 3273
502 2238
502 3934
502 4303
502 1862
502 1301
502 2760
502 5961
502 6222
502 2019
502 369
2789 3273
2789 2238
2789 3934
2789 4303
2789 1862
2789 1301
2789 2760
2789 5961
2789 6222
2789 2019
2789 369
3273 2238
3273 3934
3273 4303
3273 1862
3273 1301
3273 2760
3273 5961
3273 6222
3273 2019
3273 369
2238 3934
2238 4303
2238 1862
2238 1301
2238 2760
2238 5961
2238 6222
2238 2019
2238 369
3934 4303
3934 1862
3934 1301
3934 2760
3934 5961
3934 6222
3934 2019
3934 369
4303 1862
4303 1301
4303 2760
4303 5961
4303 6222
4303 2019
4303 369
1862 1301
1862 2760
1862 5961
1862 6222
1862 2019
1862 369
1301 2760
1301 5961
1301 6222
1301 2019
1301 369
2760 5961
2760 6222
2760 2019
2760 369
5961 6222
5961 2019
5961 369
6222 2019
6222 369
2019 369
2132 2665
2132 297
2132 5612
2132 6304
2665 297
2665 5612
2665 6304
297 5612
297 6304
5612 6304
90 1459
90 2952
90 2776
1459 2952
1459 2776
2952 2776
3115 3596
396 2405
396 127
2405 127
1325 927
1325 2634
1325 743
927 2634
927 743
2634 743
3135 4528
2892 5385
166 5773
4476 5625
1025 1080
1025 2247
1080 2247
770 3187
770 6328
3187 6328
1907 3259
1907 3848
3259 3848
186 914
186 2216
186 2733
186 2759
186 2500
186 5365
186 4385
186 3516
186 6006
186 859
914 2216
914 2733
914 2759
914 2500
914 5365
914 4385
914 3516
914 6006
914 859
2216 2733
2216 2759
2216 2500
2216 5365
2216 4385
2216 3516
2216 6006
2216 859
2733 2759
2733 2500
2733 5365
2733 4385
2733 3516
2733 6006
2733 859
2759 2500
2759 5365
2759 4385
2759 3516
2759 6006
2759 859
2500 5365
2500 4385
2500 3516
2500 6006
2500 859
5365 4385
5365 3516
5365 6006
5365 859
4385 3516
4385 6006
4385 859
3516 6006
3516 859
6006 859
623 4846
623 6169
4846 6169
1638 285
1638 1081
285 1081
3536 5112
3536 6340
5112 6340
3548 3534
843 2888
843 4758
2888 4758
475 4180
1799 81
205 908
205 889
205 4368
205 4774
205 745
205 634
908 889
908 4368
908 4774
908 1428
908 745
908 634
889 4368
889 4774
889 1428
889 745
889 634
4368 4774
4368 1428
4368 745
4368 634
4774 1428
4774 745
4774 634
1428 745
1428 634
745 634
623 1264
623 3448
623 39
623 4622
623 566
623 5020
623 5528
623 3807
1264 3448
1264 39
1264 4622
1264 566
1264 5020
1264 5528
1264 3807
3448 39
3448 4622
3448 566
3448 5020
3448 5528
3448 3807
39 4622
39 566
39 5020
39 5528
39 3807
4622 566
4622 5020
4622 5528
4622 3807
566 5020
566 5528
566 3807
5020 5528
5020 3807
5528 3807
493 2646
527 525
347 1114
347 4721
1114 4721
358 937
358 1419
358 1081
358 2424
358 2495
358 1945
358 701
358 4240
358 3283
358 4419
358 6297
937 1419
937 1081
937 2424
937 2495
937 1945
937 701
937 4240
937 3283
937 4419
937 6297
1419 1081
1419 2424
1419 2495
1419 1945
1419 701
1419 4240
1419 3283
1419 4419
1419 6297
1081 2424
1081 2495
1081 1945
1081 701
1081 4240
1081 3283
1081 4419
1081 6297
2424 2495
2424 1945
2424 701
2424 4240
2424 3283
2424 4419
2424 6297
2495 1945
2495 701
2495 4240
2495 3283
2495 4419
2495 6297
1945 701
1945 4240
1945 3283
1945 4419
1945 6297
701 4240
701 3283
701 4419
701 6297
4240 3283
4240 4419
4240 6297
3283 4419
3283 6297
4419 6297
676 977
2102 2217
2102 198
2102 995
2102 5573
2217 198
2217 995
2217 5573
198 995
198 5573
995 5573
3850 6037
366 5136
458 2656
458 4417
458 448
2656 4417
4417 448
1267 2195
1267 4713
1267 1493
1267 5979
2195 4713
2195 1493
2195 5979
4713 1493
4713 5979
1493 5979
1669 5235
1669 5737
5235 5737
630 3543
875 1851
875 3083
875 6067
1851 3083
1851 6067
3083 6067
76 4255
1874 2266
1874 3641
1874 1079
1874 5444
2266 3641
2266 1079
2266 5444
3641 1079
3641 5444
1079 5444
1452 3064
1452 680
1452 4913
3064 680
3064 4913
680 4913
547 668
547 1366
547 330
668 1366
668 330
1366 330
434 6287
675 769
675 844
675 1175
675 1154
675 1970
675 569
675 3360
675 4845
675 272
675 6296
769 844
769 1175
769 1154
769 1970
769 569
769 3360
769 4845
769 272
769 6296
844 1175
844 1154
844 1970
844 569
844 3360
844 4845
844 272
844 6296
1175 1154
1175 1970
1175 569
1175 3360
1175 4845
1175 272
1175 6296
1154 1970
1154 569
1154 3360
1154 4845
1154 272
1154 6296
1970 569
1970 3360
1970 4845
1970 272
1970 6296
569 3360
569 4845
569 272
569 6296
3360 4845
3360 272
3360 6296
4845 272
4845 6296
272 6296
1186 2539
1186 4328
2539 4328
1053 543
679 834
2011 2554
2011 4654
2554 4654
3532 3970
2829 2399
2829 5134
2399 5134
470 1785
470 2168
470 2694
1785 2168
1785 2694
2168 2694
475 6079
1426 4429
1817 4217
1205 906
1205 1455
1205 992
1205 3538
1205 3788
1205 880
1205 6201
906 1455
906 992
906 3538
906 3788
906 880
906 6201
1455 992
1455 3538
1455 3788
1455 880
1455 6201
992 3538
992 3788
992 880
992 6201
3538 3788
3538 880
3538 6201
3788 880
3788 6201
880 6201
2060 2703
1766 330
929 1979
1773 1916
1773 5130
1916 5130
24 106
24 10
24 737
24 320
24 2143
24 69
24 1421
24 2624
24 115
24 2976
24 1681
24 241
24 2660
24 5396
24 5401
24 6063
106 10
106 737
106 320
106 2143
106 69
106 1421
106 2624
106 115
106 2976
106 1681
106 241
106 2660
106 5396
106 5401
106 6063
10 737
10 320
10 2143
10 69
10 1421
10 2624
10 115
10 2976
10 1681
10 241
10 2660
10 5396
10 5401
10 6063
737 320
737 2143
737 69
737 1421
737 2624
737 115
737 2976
737 1681
737 241
737 2660
737 5396
737 5401
737 6063
320 2143
320 69
320 1421
320 2624
320 115
320 2976
320 1681
320 241
320 2660
320 5396
320 5401
320 6063
2143 69
2143 1421
2143 2624
2143 115
2143 2976
2143 1681
2143 241
2143 2660
2143 5396
2143 5401
2143 6063
69 1421
69 2624
69 115
69 2976
69 1681
69 241
69 2660
69 5396
69 5401
69 6063
1421 2624
1421 115
1421 2976
1421 1681
1421 241
1421 2660
1421 5396
1421 5401
1421 6063
2624 115
2624 2976
2624 1681
2624 241
2624 2660
2624 5396
2624 5401
2624 6063
115 2976
115 1681
115 241
115 2660
115 5396
115 5401
115 6063
2976 1681
2976 241
2976 2660
2976 5396
2976 5401
2976 6063
1681 241
1681 2660
1681 5396
1681 5401
1681 6063
241 2660
241 5396
241 5401
241 6063
2660 5396
2660 5401
2660 6063
5396 5401
5396 6063
5401 6063
1781 3244
1781 443
1781 5751
3244 443
3244 5751
443 5751
1079 1151
1079 1222
1079 1317
1079 1351
1079 1572
1079 2220
1079 2318
1079 2506
1079 2520
1079 394
1079 2633
1079 2828
1079 2856
1079 2923
1079 2997
1079 1376
1079 3061
1079 2703
1079 3268
1079 3303
1079 963
1079 3482
1079 3603
1079 544
1079 206
1079 3732
1079 3063
1079 4242
1079 4364
1079 174
1079 2543
1079 26
1079 2916
1079 5032
1079 450
1079 6165
1151 1222
1151 1317
1151 1351
1151 1572
1151 2220
1151 2318
1151 2506
1151 2520
1151 394
1151 2633
1151 2828
1151 2856
1151 2923
1151 2997
1151 1376
1151 3061
1151 2703
1151 3268
1151 3303
1151 963
1151 3482
1151 3603
1151 544
1151 206
1151 3732
1151 3063
1151 4242
1151 4364
1151 174
1151 2543
1151 26
1151 2916
1151 5032
1151 450
1151 6165
1222 1317
1222 1351
1222 1572
1222 2220
1222 2318
1222 2506
1222 2520
1222 394
1222 2633
1222 2828
1222 2856
1222 2923
1222 2997
1222 1376
1222 3061
1222 2703
1222 3268
1222 3303
1222 963
1222 3482
1222 3603
1222 544
1222 206
1222 3732
1222 3063
1222 4242
1222 4364
1222 174
1222 2543
1222 26
1222 2916
1222 5032
1222 450
1222 6165
1317 1351
1317 1572
1317 2220
1317 2318
1317 2506
1317 2520
1317 394
1317 2633
1317 2828
1317 2856
1317 2923
1317 2997
1317 1376
1317 3061
1317 2703
1317 3268
1317 3303
1317 963
1317 3482
1317 3603
1317 544
1317 206
1317 3732
1317 3063
1317 4242
1317 4364
1317 174
1317 2543
1317 26
1317 2916
1317 5032
1317 450
1317 6165
1351 1572
1351 2220
1351 2318
1351 2506
1351 2520
1351 394
1351 2633
1351 2828
1351 2856
1351 2923
1351 2997
1351 1376
1351 3061
1351 2703
1351 3268
1351 3303
1351 963
1351 3482
1351 3603
1351 544
1351 206
1351 3732
1351 3063
1351 4242
1351 4364
1351 174
1351 2543
1351 26
1351 2916
1351 5032
1351 450
1351 6165
1572 2220
1572 2318
1572 2506
1572 2520
1572 394
1572 2633
1572 2828
1572 2856
1572 2923
1572 2997
1572 1376
1572 3061
1572 2703
1572 3268
1572 3303
1572 963
1572 3482
1572 3603
1572 544
1572 206
1572 3732
1572 3063
1572 4242
1572 4364
1572 174
1572 2543
1572 26
1572 2916
1572 5032
1572 450
1572 6165
2220 2318
2220 2506
2220 2520
2220 394
2220 2633
2220 2828
2220 2856
2220 2923
2220 2997
2220 1376
2220 3061
2220 2703
2220 3268
2220 3303
2220 963
2220 3482
2220 3603
2220 544
2220 206
2220 3732
2220 3063
2220 4242
2220 4364
2220 174
2220 2543
2220 26
2220 2916
2220 5032
2220 450
2220 6165
2318 2506
2318 2520
2318 394
2318 2633
2318 2828
2318 2856
2318 2923
2318 2997
2318 1376
2318 3061
2318 2703
2318 3268
2318 3303
2318 963
2318 3482
2318 3603
2318 544
2318 206
2318 3732
2318 3063
2318 4242
2318 4364
2318 174
2318 2543
2318 26
2318 2916
2318 5032
2318 450
2318 6165
2506 2520
2506 394
2506 2633
2506 2828
2506 2856
2506 2923
2506 2997
2506 1376
2506 3061
2506 2703
2506 3268
2506 3303
2506 963
2506 3482
2506 3603
2506 544
2506 206
2506 3732
2506 3063
2506 4242
2506 4364
2506 174
2506 2543
2506 26
2506 2916
2506 5032
2506 450
2506 6165
2520 394
2520 2633
2520 2828
2520 2856
2520 2923
2520 2997
2520 1376
2520 3061
2520 2703
2520 3268
2520 3303
2520 963
2520 3482
2520 3603
2520 544
2520 206
2520 3732
2520 3063
2520 4242
2520 4364
2520 174
2520 2543
2520 26
2520 2916
2520 5032
2520 450
2520 6165
394 2633
394 2828
394 2856
394 2923
394 2997
394 1376
394 3061
394 2703
394 3268
394 3303
394 963
394 3482
394 3603
394 544
394 206
394 3732
394 3063
394 4242
394 4364
394 174
394 2543
394 26
394 2916
394 5032
394 450
394 6165
2633 2828
2633 2856
2633 2923
2633 2997
2633 1376
2633 3061
2633 2703
2633 3268
2633 3303
2633 963
2633 3482
2633 3603
2633 544
2633 206
2633 3732
2633 3063
2633 4242
2633 4364
2633 174
2633 2543
2633 26
2633 2916
2633 5032
2633 450
2633 6165
2828 2856
2828 2923
2828 2997
2828 1376
2828 3061
2828 2703
2828 3268
2828 3303
2828 963
2828 3482
2828 3603
2828 544
2828 206
2828 3732
2828 3063
2828 4242
2828 4364
2828 174
2828 2543
2828 26
2828 2916
2828 5032
2828 450
2828 6165
2856 2923
2856 2997
2856 1376
2856 3061
2856 2703
2856 3268
2856 3303
2856 963
2856 3482
2856 3603
2856 544
2856 206
2856 3732
2856 3063
2856 4242
2856 4364
2856 174
2856 2543
2856 26
2856 2916
2856 5032
2856 450
2856 6165
2923 2997
2923 1376
2923 3061
2923 2703
2923 3268
2923 3303
2923 963
2923 3482
2923 3603
2923 544
2923 206
2923 3732
2923 3063
2923 4242
2923 4364
2923 174
2923 2543
2923 26
2923 2916
2923 5032
2923 450
2923 6165
2997 1376
2997 3061
2997 2703
2997 3268
2997 3303
2997 963
2997 3482
2997 3603
2997 544
2997 206
2997 3732
2997 3063
2997 4242
2997 4364
2997 174
2997 2543
2997 26
2997 2916
2997 5032
2997 450
2997 6165
1376 3061
1376 2703
1376 3268
1376 3303
1376 963
1376 3482
1376 3603
1376 544
1376 206
1376 3732
1376 3063
1376 4242
1376 4364
1376 174
1376 2543
1376 26
1376 2916
1376 5032
1376 450
1376 6165
3061 2703
3061 3268
3061 3303
3061 963
3061 3482
3061 3603
3061 544
3061 206
3061 3732
3061 3063
3061 4242
3061 4364
3061 174
3061 2543
3061 26
3061 2916
3061 5032
3061 450
3061 6165
2703 3268
2703 3303
2703 963
2703 3482
2703 3603
2703 544
2703 206
2703 3732
2703 3063
2703 4242
2703 4364
2703 174
2703 2543
2703 26
2703 2916
2703 5032
2703 450
2703 6165
3268 3303
3268 963
3268 3482
3268 3603
3268 544
3268 206
3268 3732
3268 3063
3268 4242
3268 4364
3268 174
3268 2543
3268 26
3268 2916
3268 5032
3268 450
3268 6165
3303 963
3303 3482
3303 3603
3303 544
3303 206
3303 3732
3303 3063
3303 4242
3303 4364
3303 174
3303 2543
3303 26
3303 2916
3303 5032
3303 450
3303 6165
963 3482
963 3603
963 544
963 206
963 3732
963 3063
963 4242
963 4364
963 174
963 2543
963 26
963 2916
963 5032
963 450
963 6165
3482 3603
3482 544
3482 206
3482 3732
3482 3063
3482 4242
3482 4364
3482 174
3482 2543
3482 26
3482 2916
3482 5032
3482 450
3482 6165
3603 544
3603 206
3603 3732
3603 3063
3603 4242
3603 4364
3603 174
3603 2543
3603 26
3603 2916
3603 5032
3603 450
3603 6165
544 206
544 3732
544 3063
544 4242
544 4364
544 174
544 2543
544 26
544 2916
544 5032
544 450
544 6165
206 3732
206 3063
206 4242
206 4364
206 174
206 2543
206 26
206 2916
206 5032
206 450
206 6165
3732 3063
3732 4242
3732 4364
3732 174
3732 2543
3732 26
3732 2916
3732 5032
3732 450
3732 6165
3063 4242
3063 4364
3063 174
3063 2543
3063 26
3063 2916
3063 5032
3063 450
3063 6165
4242 4364
4242 174
4242 2543
4242 26
4242 2916
4242 5032
4242 450
4242 6165
4364 174
4364 2543
4364 26
4364 2916
4364 5032
4364 450
4364 6165
174 2543
174 26
174 2916
174 5032
174 450
174 6165
2543 26
2543 2916
2543 5032
2543 450
2543 6165
26 2916
26 5032
26 450
26 6165
2916 5032
2916 450
2916 6165
5032 450
5032 6165
450 6165
490 5310
46 1788
46 3570
46 1487
46 4484
46 1174
1788 3570
1788 1487
1788 4484
1788 1174
3570 1487
3570 4484
3570 1174
1487 4484
1487 1174
4484 1174
2008 702
2008 6044
2008 281
702 6044
702 281
6044 281
3788 3208
3383 6
127 331
127 4636
127 392
331 4636
331 392
4636 392
48 1255
48 4961
998 1255
998 4961
1255 4961
467 1108
467 2556
467 352
1108 2556
1108 352
2556 352
2986 2761
2986 3114
2986 3284
2986 2637
2986 3395
2986 3317
2986 5143
2986 1584
2761 3114
2761 3284
2761 2637
2761 3395
2761 3317
2761 5143
2761 1584
3114 3284
3114 2637
3114 3395
3114 3317
3114 5143
3114 1584
3284 2637
3284 3395
3284 3317
3284 5143
3284 1584
2637 3395
2637 3317
2637 5143
2637 1584
3395 3317
3395 5143
3395 1584
3317 5143
3317 1584
5143 1584
53 2427
53 2881
53 3272
53 3345
53 148
53 4252
53 4422
53 198
53 5075
53 5189
53 453
53 5577
53 16
53 5779
53 3897
53 3119
53 5349
2427 2881
2427 3272
2427 3345
2427 148
2427 4252
2427 4422
2427 198
2427 5075
2427 5189
2427 453
2427 5577
2427 16
2427 5779
2427 3897
2427 3119
2427 5349
2881 3272
2881 3345
2881 148
2881 4252
2881 4422
2881 198
2881 5075
2881 5189
2881 453
2881 5577
2881 16
2881 5779
2881 3897
2881 3119
2881 5349
3272 3345
3272 148
3272 4252
3272 4422
3272 198
3272 5075
3272 5189
3272 453
3272 5577
3272 16
3272 5779
3272 3897
3272 3119
3272 5349
3345 148
3345 4252
3345 4422
3345 198
3345 5075
3345 5189
3345 453
3345 5577
3345 16
3345 5779
3345 3897
3345 3119
3345 5349
148 4252
148 4422
148 198
148 5075
148 5189
148 453
148 5577
148 16
148 5779
148 3897
148 3119
148 5349
4252 4422
4252 198
4252 5075
4252 5189
4252 453
4252 5577
4252 16
4252 5779
4252 3897
4252 3119
4252 5349
4422 198
4422 5075
4422 5189
4422 453
4422 5577
4422 16
4422 5779
4422 3897
4422 3119
4422 5349
198 5075
198 5189
198 453
198 5577
198 16
198 5779
198 3897
198 3119
198 5349
5075 5189
5075 453
5075 5577
5075 16
5075 5779
5075 3897
5075 3119
5075 5349
5189 453
5189 5577
5189 16
5189 5779
5189 3897
5189 3119
5189 5349
453 5577
453 16
453 5779
453 3897
453 3119
453 5349
5577 16
5577 5779
5577 3897
5577 3119
5577 5349
16 5779
16 3897
16 3119
16 5349
5779 3897
5779 3119
5779 5349
3897 3119
3897 5349
3119 5349
915 1632
915 2675
915 753
915 3110
915 4629
915 4786
915 4945
915 160
915 4884
915 6073
1632 2675
1632 753
1632 3110
1632 4629
1632 4786
1632 4945
1632 160
1632 4884
1632 6073
2675 753
2675 3110
2675 4629
2675 4786
2675 4945
2675 160
2675 4884
2675 6073
753 3110
753 4629
753 4786
753 4945
753 160
753 4884
753 6073
3110 4629
3110 4786
3110 4945
3110 160
3110 4884
3110 6073
4629 4786
4629 4945
4629 160
4629 4884
4629 6073
4786 4945
4786 160
4786 4884
4786 6073
4945 160
4945 4884
4945 6073
160 4884
160 6073
4884 6073
1732 4125
1732 5411
1732 3211
4125 5411
4125 3211
5411 3211
557 1734
557 2800
557 3916
557 4405
557 4643
557 4683
557 6204
1734 2800
1734 3916
1734 4405
1734 4643
1734 4683
1734 6204
2800 3916
2800 4405
2800 4643
2800 4683
2800 6204
3916 4405
3916 4643
3916 4683
3916 6204
4405 4643
4405 4683
4405 6204
4643 4683
4643 6204
4683 6204
1996 2283
1996 3607
1996 5476
2283 3607
2283 5476
3607 5476
926 3667
2380 4552
2380 5828
4552 5828
758 4270
3461 4320
3461 5288
3461 3591
4320 5288
4320 3591
5288 3591
2654 4291
1344 2338
1344 2851
2338 2851
443 884
443 2180
443 824
443 1612
443 1428
884 2180
884 824
884 1612
884 1428
2180 824
2180 1612
824 1612
824 1428
1612 1428
1531 2537
1531 3676
1531 5222
1531 5879
1531 4511
2537 3676
2537 5222
2537 5879
2537 4511
3676 5222
3676 5879
3676 4511
5222 5879
5222 4511
5879 4511
1636 3858
1636 4679
3858 4679
505 1649
505 2350
505 5006
505 5179
505 5707
505 443
1649 2350
1649 5006
1649 5179
1649 5707
1649 443
2350 5006
2350 5179
2350 5707
2350 443
5006 5179
5006 5707
5006 443
5179 5707
5179 443
5707 443
3944 5809
3020 3621
3020 1160
3020 5234
3621 1160
3621 5234
1160 5234
2160 4808
344 4110
344 443
4110 443
3913 4453
3295 3755
3295 4672
3295 5862
3755 4672
3755 5862
4672 5862
2802 4433
2802 5452
2802 4550
4433 5452
4433 4550
5452 4550
2691 2507
2691 4075
2691 578
2691 5035
2691 5335
2691 5523
2507 4075
2507 578
2507 5035
2507 5335
2507 5523
4075 578
4075 5035
4075 5335
4075 5523
578 5035
578 5335
578 5523
5035 5335
5035 5523
5335 5523
3521 2636
1301 1825
1301 1372
1301 3092
1301 551
1301 5202
1825 1372
1825 3092
1825 551
1825 5202
1372 3092
1372 551
1372 5202
3092 551
3092 5202
551 5202
370 6085
370 6397
6085 6397
4188 925
1318 2971
1318 6177
1318 6216
2971 6177
2971 6216
6177 6216
170 491
170 646
170 725
170 1739
170 2683
170 1652
170 2967
170 3136
170 3180
170 205
170 2679
170 3678
170 3963
170 5085
170 1353
170 339
170 5867
170 6356
491 646
491 725
491 1739
491 2683
491 1652
491 2967
491 3136
491 3180
491 205
491 2679
491 3678
491 3963
491 5085
491 1353
491 339
491 5867
491 6356
646 725
646 1739
646 2683
646 1652
646 2967
646 3136
646 3180
646 205
646 2679
646 3678
646 3963
646 5085
646 1353
646 339
646 5867
646 6356
725 1739
725 2683
725 1652
725 2967
725 3136
725 3180
725 205
725 2679
725 3678
725 3963
725 5085
725 1353
725 339
725 5867
725 6356
1739 2683
1739 1652
1739 2967
1739 3136
1739 3180
1739 205
1739 2679
1739 3678
1739 3963
1739 5085
1739 1353
1739 339
1739 5867
1739 6356
2683 1652
2683 2967
2683 3136
2683 3180
2683 205
2683 2679
2683 3678
2683 3963
2683 5085
2683 1353
2683 339
2683 5867
2683 6356
1652 2967
1652 3136
1652 3180
1652 205
1652 2679
1652 3678
1652 3963
1652 5085
1652 1353
1652 339
1652 5867
1652 6356
2967 3136
2967 3180
2967 205
2967 2679
2967 3678
2967 3963
2967 5085
2967 1353
2967 339
2967 5867
2967 6356
3136 3180
3136 205
3136 2679
3136 3678
3136 3963
3136 5085
3136 1353
3136 339
3136 5867
3136 6356
3180 205
3180 2679
3180 3678
3180 3963
3180 5085
3180 1353
3180 339
3180 5867
3180 6356
205 2679
205 3678
205 3963
205 5085
205 1353
205 339
205 5867
205 6356
2679 3678
2679 3963
2679 5085
2679 1353
2679 339
2679 5867
2679 6356
3678 3963
3678 5085
3678 1353
3678 339
3678 5867
3678 6356
3963 5085
3963 1353
3963 339
3963 5867
3963 6356
5085 1353
5085 339
5085 5867
5085 6356
1353 339
1353 5867
1353 6356
339 5867
339 6356
5867 6356
52 150
52 85
150 85
811 4026
811 3825
811 4236
4026 3825
4026 4236
3825 4236
149 2659
149 1740
149 4693
2659 1740
2659 4693
1740 4693
4123 6121
742 4983
742 786
742 719
4983 786
4983 719
786 719
2849 4067
2713 3503
424 1778
424 1774
424 3781
1778 1774
1778 3781
1774 3781
1519 994
1519 2567
1519 3954
1519 625
1519 5083
1519 2390
994 2567
994 3954
994 625
994 5083
994 2390
2567 3954
2567 625
2567 5083
2567 2390
3954 625
3954 5083
3954 2390
625 5083
625 2390
5083 2390
2994 3648
2994 6220
3648 6220
73 2673
492 69
492 6210
69 6210
1325 3524
4326 5909
1550 3071
1550 2008
3071 2008
5133 176
1059 3577
1059 3883
1059 4264
1059 4454
1059 5910
3577 3883
3577 4264
3577 4454
3577 5910
3883 4264
3883 4454
3883 5910
4264 4454
4264 5910
4454 5910
1435 2808
1435 1762
1435 2238
2808 1762
2808 2238
1762 2238
331 209
283 427
283 612
283 366
283 2164
283 3496
283 5138
427 612
427 366
427 2164
427 3496
427 5138
612 366
612 2164
612 3496
612 5138
366 2164
366 3496
366 5138
2164 3496
2164 5138
3496 5138
1106 4404
4470 4707
1448 4778
4134 4617
4134 4816
4134 5677
4134 6076
4134 946
4617 4816
4617 5677
4617 6076
4617 946
4816 5677
4816 6076
4816 946
5677 6076
5677 946
6076 946
4480 5441
4480 235
4480 6048
5441 235
5441 6048
235 6048
720 5758
535 573
535 589
535 317
535 2537
535 3802
535 4119
535 4527
535 5003
535 5826
535 162
535 6253
573 589
573 317
573 2537
573 3802
573 4119
573 4527
573 5003
573 5826
573 162
573 6253
589 317
589 2537
589 3802
589 4119
589 4527
589 5003
589 5826
589 162
589 6253
317 2537
317 3802
317 4119
317 4527
317 5003
317 5826
317 162
317 6253
2537 3802
2537 4119
2537 4527
2537 5003
2537 5826
2537 162
2537 6253
3802 4119
3802 4527
3802 5003
3802 5826
3802 162
3802 6253
4119 4527
4119 5003
4119 5826
4119 162
4119 6253
4527 5003
4527 5826
4527 162
4527 6253
5003 5826
5003 162
5003 6253
5826 162
5826 6253
162 6253
83 75
83 2260
83 2752
83 1427
83 3995
83 5266
83 3089
75 2260
75 2752
75 1427
75 3995
75 5266
75 3089
2260 2752
2260 1427
2260 3995
2260 5266
2260 3089
2752 1427
2752 3995
2752 5266
2752 3089
1427 3995
1427 5266
1427 3089
3995 5266
3995 3089
5266 3089
591 4768
313 304
313 2056
313 2277
313 3528
313 954
313 4578
313 40
313 3063
313 337
313 6119
313 6272
304 2056
304 2277
304 3528
304 954
304 4578
304 40
304 3063
304 337
304 6119
304 6272
2056 2277
2056 3528
2056 954
2056 4578
2056 40
2056 3063
2056 337
2056 6119
2056 6272
2277 3528
2277 954
2277 4578
2277 40
2277 3063
2277 337
2277 6119
2277 6272
3528 954
3528 4578
3528 40
3528 3063
3528 337
3528 6119
3528 6272
954 4578
954 40
954 3063
954 337
954 6119
954 6272
4578 40
4578 3063
4578 337
4578 6119
4578 6272
40 3063
40 337
40 6119
40 6272
3063 337
3063 6119
3063 6272
337 6119
337 6272
6119 6272
2885 2501
2885 852
2501 852
1784 3575
1784 4374
1784 5300
3575 4374
3575 5300
4374 5300
1664 2550
1664 3760
1664 212
1664 1176
1664 4596
1664 5173
1664 5315
1664 1391
1664 3327
2550 3760
2550 212
2550 1176
2550 4596
2550 5173
2550 5315
2550 1391
2550 3327
3760 212
3760 1176
3760 4596
3760 5173
3760 5315
3760 1391
3760 3327
212 1176
212 4596
212 5173
212 5315
212 1391
212 3327
1176 4596
1176 5173
1176 5315
1176 1391
1176 3327
4596 5173
4596 5315
4596 1391
4596 3327
5173 5315
5173 1391
5173 3327
5315 1391
5315 3327
1391 3327
809 2166
563 1732
3251 3497
32 222
32 4144
32 5874
32 4390
222 4144
222 5874
222 4390
4144 5874
4144 4390
5874 4390
2418 2638
2418 2933
2418 5071
2638 2933
2638 5071
2933 5071
141 1566
526 505
526 3626
526 5636
526 5208
526 5872
505 3626
505 5636
505 5208
505 5872
3626 5636
3626 5208
3626 5872
5636 5208
5636 5872
5208 5872
2207 4129
2207 4854
2207 5293
4129 4854
4129 5293
4854 5293
1836 4803
2743 2920
2743 1558
2920 1558
2651 0
2651 3719
0 3719
515 3753
189 2698
189 6359
2698 6359
3241 71
256 618
256 895
256 1359
256 959
256 5100
256 2380
256 4522
618 895
618 1359
618 959
618 5100
618 2380
618 4522
895 1359
895 959
895 5100
895 2380
895 4522
1359 959
1359 5100
1359 2380
1359 4522
959 5100
959 2380
959 4522
5100 2380
5100 4522
2380 4522
1472 2667
1472 3032
1472 3195
1472 3478
1472 3495
2667 3032
2667 3195
2667 3478
2667 3495
3032 3195
3032 3478
3032 3495
3195 3478
3195 3495
3478 3495
2014 2369
2014 2468
2014 4648
2369 2468
2369 4648
2468 4648
3118 3191
3118 671
3191 671
525 2972
525 385
525 2761
2972 385
2972 2761
385 2761
1231 407
1870 3023
1870 5021
3023 5021
3238 4330
3238 5626
4330 5626
1345 2833
1345 385
1345 413
1345 1200
2833 385
2833 413
2833 1200
385 413
385 1200
413 1200
1732 3757
1732 2561
1732 4549
3757 2561
3757 4549
2561 4549
240 921
240 1063
240 9
240 1348
240 1443
240 2142
240 2279
240 768
240 2899
240 47
240 4145
240 5037
240 5532
240 3156
240 5956
240 6176
921 1063
921 9
921 1348
921 1443
921 2142
921 2279
921 768
921 2899
921 47
921 4145
921 5037
921 5532
921 3156
921 5956
921 6176
1063 9
1063 1348
1063 1443
1063 2142
1063 2279
1063 768
1063 2899
1063 47
1063 4145
1063 5037
1063 5532
1063 3156
1063 5956
1063 6176
9 1348
9 1443
9 2142
9 2279
9 768
9 2899
9 47
9 4145
9 5037
9 5532
9 3156
9 5956
9 6176
1348 1443
1348 2142
1348 2279
1348 768
1348 2899
1348 47
1348 4145
1348 5037
1348 5532
1348 3156
1348 5956
1348 6176
1443 2142
1443 2279
1443 768
1443 2899
1443 47
1443 4145
1443 5037
1443 5532
1443 3156
1443 5956
1443 6176
2142 2279
2142 768
2142 2899
2142 47
2142 4145
2142 5037
2142 5532
2142 3156
2142 5956
2142 6176
2279 768
2279 2899
2279 47
2279 4145
2279 5037
2279 5532
2279 3156
2279 5956
2279 6176
768 2899
768 47
768 4145
768 5037
768 5532
768 3156
768 5956
768 6176
2899 47
2899 4145
2899 5037
2899 5532
2899 3156
2899 5956
2899 6176
47 4145
47 5037
47 5532
47 3156
47 5956
47 6176
4145 5037
4145 5532
4145 3156
4145 5956
4145 6176
5037 5532
5037 3156
5037 5956
5037 6176
5532 3156
5532 5956
5532 6176
3156 5956
3156 6176
5956 6176
195 4059
2856 4370
2856 4815
4370 4815
1120 3835
1565 1865
330 4278
330 5819
4278 5819
4670 1202
1065 1762
1065 2962
1065 4367
1065 6262
1762 2962
1762 4367
1762 6262
2962 4367
2962 6262
4367 6262
562 1647
562 2685
562 3874
562 4167
562 4692
562 6155
562 2063
1647 2685
1647 3874
1647 4167
1647 4692
1647 6155
1647 2063
2685 3874
2685 4167
2685 4692
2685 6155
2685 2063
3874 4167
3874 4692
3874 6155
3874 2063
4167 4692
4167 6155
4167 2063
4692 6155
4692 2063
6155 2063
20 900
20 285
20 1483
900 285
900 1483
285 1483
278 897
156 2723
156 3487
156 3064
2723 3487
2723 3064
3487 3064
717 5983
1704 3075
109 927
109 169
109 1180
109 205
109 4246
109 304
927 169
927 1180
927 205
927 4246
927 304
169 1180
169 205
169 4246
169 304
1180 205
1180 4246
1180 304
205 4246
205 304
4246 304
799 5440
992 1960
137 4621
1261 4466
1261 3300
4466 3300
490 6164
76 768
76 2436
76 1962
76 5027
76 1160
76 2500
76 2398
768 2436
768 1962
768 5027
768 1160
768 2500
768 2398
2436 1962
2436 5027
2436 1160
2436 2500
2436 2398
1962 5027
1962 1160
1962 2500
1962 2398
5027 1160
5027 2500
5027 2398
1160 2500
1160 2398
2500 2398
70 329
70 4747
329 4747
3625 5508
1622 768
1622 3286
768 3286
1356 5090
1356 1496
5090 1496
462 2481
462 4506
462 5482
2481 4506
2481 5482
4506 5482
4659 5125
1028 3052
1028 4530
1028 1631
3052 4530
3052 1631
4530 1631
73 1751
73 904
73 4033
73 5245
1751 904
1751 4033
1751 5245
904 4033
904 5245
4033 5245
4400 385
1574 5793
3210 3582
3210 3604
3210 369
3210 1338
3582 3604
3582 369
3582 1338
3604 369
3604 1338
369 1338
2123 4802
534 4087
2345 3166
2345 4922
3166 4922
2005 6
2005 1577
2005 3149
2005 4685
2005 3234
2005 297
6 1577
6 3149
6 4685
6 3234
6 297
1577 3149
1577 4685
1577 3234
1577 297
3149 4685
3149 3234
3149 297
4685 3234
4685 297
3234 297
2046 4147
5613 5663
1220 6015
1220 3662
6015 3662
85 222
85 671
85 1470
85 3972
85 1081
85 5827
222 671
222 1470
222 3972
222 1081
222 5827
671 1470
671 3972
671 1081
671 5827
1470 3972
1470 1081
1470 5827
3972 1081
3972 5827
1081 5827
3700 4305
3700 5360
4305 5360
421 326
5674 5725
5674 5994
5725 5994
17 3316
17 945
3316 945
3392 572
3392 1816
3392 5094
3392 5410
572 1816
572 5094
572 5410
1816 5094
1816 5410
5094 5410
600 2220
600 2471
600 3007
600 247
600 3305
600 1996
600 4724
600 2940
600 465
600 3388
2220 2471
2220 3007
2220 247
2220 3305
2220 1996
2220 4724
2220 2940
2220 465
2220 3388
2471 3007
2471 247
2471 3305
2471 1996
2471 4724
2471 2940
2471 465
2471 3388
3007 247
3007 3305
3007 1996
3007 4724
3007 2940
3007 465
3007 3388
247 3305
247 1996
247 4724
247 2940
247 465
247 3388
3305 1996
3305 4724
3305 2940
3305 465
3305 3388
1996 4724
1996 2940
1996 465
1996 3388
4724 2940
4724 465
4724 3388
2940 465
2940 3388
465 3388
1229 3012
706 5166
326 998
326 2422
326 1762
326 1396
326 3633
326 3717
326 3866
326 2830
326 4143
326 4583
326 5476
326 5576
326 5927
326 285
326 6173
998 2422
998 1762
998 1396
998 3633
998 3717
998 3866
998 2830
998 4143
998 4583
998 5476
998 5576
998 5927
998 285
998 6173
2422 1762
2422 1396
2422 3633
2422 3717
2422 3866
2422 2830
2422 4143
2422 4583
2422 5476
2422 5576
2422 5927
2422 285
2422 6173
1762 1396
1762 3633
1762 3717
1762 3866
1762 2830
1762 4143
1762 4583
1762 5476
1762 5576
1762 5927
1762 285
1762 6173
1396 3633
1396 3717
1396 3866
1396 2830
1396 4143
1396 4583
1396 5476
1396 5576
1396 5927
1396 285
1396 6173
3633 3717
3633 3866
3633 2830
3633 4143
3633 4583
3633 5476
3633 5576
3633 5927
3633 285
3633 6173
3717 3866
3717 2830
3717 4143
3717 4583
3717 5476
3717 5576
3717 5927
3717 285
3717 6173
3866 2830
3866 4143
3866 4583
3866 5476
3866 5576
3866 5927
3866 285
3866 6173
2830 4143
2830 4583
2830 5476
2830 5576
2830 5927
2830 285
2830 6173
4143 4583
4143 5476
4143 5576
4143 5927
4143 285
4143 6173
4583 5476
4583 5576
4583 5927
4583 285
4583 6173
5476 5576
5476 5927
5476 285
5476 6173
5576 5927
5576 285
5576 6173
5927 285
5927 6173
285 6173
224 3322
178 52
178 1212
178 906
178 4041
178 286
178 431
52 1212
52 906
52 4041
52 286
52 431
1212 906
1212 4041
1212 286
1212 431
906 4041
906 286
906 431
4041 286
4041 431
286 431
902 5972
1934 701
3165 836
3165 2851
3165 178
3165 6317
836 2851
836 178
836 6317
2851 178
2851 6317
178 6317
953 4711
370 2748
633 1140
633 1904
633 2434
633 2879
633 5145
633 5759
1140 1904
1140 2434
1140 2879
1140 5145
1140 5759
1904 2434
1904 2879
1904 5145
1904 5759
2434 2879
2434 5145
2434 5759
2879 5145
2879 5759
5145 5759
474 2930
474 3552
474 5734
2930 3552
2930 5734
3552 5734
2309 2598
2309 2668
2309 1862
2309 1588
2309 5902
2309 6244
2309 1520
2598 2668
2598 1862
2598 1588
2598 5902
2598 6244
2598 1520
2668 1862
2668 1588
2668 5902
2668 6244
2668 1520
1862 1588
1862 5902
1862 6244
1862 1520
1588 5902
1588 6244
1588 1520
5902 6244
5902 1520
6244 1520
2176 3190
1021 1131
1021 69
1021 3882
1021 4795
1021 6093
1131 69
1131 3882
1131 4795
1131 6093
69 3882
69 4795
69 6093
3882 4795
3882 6093
4795 6093
3511 525
3511 5825
525 5825
829 4332
852 5848
364 872
364 3088
364 80
364 5617
364 2297
872 3088
872 80
872 5617
872 2297
3088 80
3088 5617
3088 2297
80 5617
80 2297
5617 2297
610 6040
810 3379
3569 4109
3569 1665
4109 1665
326 174
326 5255
174 5255
5635 205
1252 4877
1252 987
4877 987
341 3782
350 962
2591 3582
521 3253
521 3426
521 1631
3253 3426
3253 1631
3426 1631
62 210
62 442
62 2444
62 2660
62 99
62 2501
62 5274
62 5859
62 5883
210 442
210 2444
210 2660
210 99
210 2501
210 5274
210 5859
210 5883
442 2444
442 2660
442 99
442 2501
442 5274
442 5859
442 5883
2444 2660
2444 99
2444 2501
2444 5274
2444 5859
2444 5883
2660 99
2660 2501
2660 5274
2660 5859
2660 5883
99 2501
99 5274
99 5859
99 5883
2501 5274
2501 5859
2501 5883
5274 5859
5274 5883
5859 5883
962 2506
962 4262
962 1438
2506 4262
2506 1438
4262 1438
3131 4762
178 4697
2874 5964
235 4915
2804 2958
2804 1870
2958 1870
237 2711
237 3968
2711 3968
3374 6372
602 1780
602 2753
1780 2753
351 38
351 3983
38 3983
981 1630
981 2359
981 2641
981 2821
981 2854
981 4815
981 760
1630 2359
1630 2641
1630 2821
1630 2854
1630 4815
1630 760
2359 2641
2359 2821
2359 2854
2359 4815
2359 760
2641 2821
2641 2854
2641 4815
2641 760
2821 2854
2821 4815
2821 760
2854 4815
2854 760
4815 760
775 1197
775 1509
775 1987
775 4362
775 4507
775 5363
775 928
1197 1509
1197 1987
1197 4362
1197 4507
1197 5363
1197 928
1509 1987
1509 4362
1509 4507
1509 5363
1509 928
1987 4362
1987 4507
1987 5363
1987 928
4362 4507
4362 5363
4362 928
4507 5363
4507 928
5363 928
4534 5455
1703 4105
106 1953
106 2749
106 4863
106 5336
1953 2749
1953 4863
1953 5336
2749 4863
2749 5336
4863 5336
111 202
111 312
111 1409
111 2291
111 2515
111 497
111 331
111 3271
111 4013
111 4347
111 4511
111 1749
111 4929
111 5259
111 5311
111 5563
111 1579
111 3962
202 312
202 1409
202 2291
202 2515
202 497
202 331
202 3271
202 4013
202 4347
202 4511
202 1749
202 4929
202 5259
202 5311
202 5563
202 1579
202 3962
312 1409
312 2291
312 2515
312 497
312 331
312 3271
312 4013
312 4347
312 4511
312 1749
312 4929
312 5259
312 5311
312 5563
312 1579
312 3962
1409 2291
1409 2515
1409 497
1409 331
1409 3271
1409 4013
1409 4347
1409 4511
1409 1749
1409 4929
1409 5259
1409 5311
1409 5563
1409 1579
1409 3962
2291 2515
2291 497
2291 331
2291 3271
2291 4013
2291 4347
2291 4511
2291 1749
2291 4929
2291 5259
2291 5311
2291 5563
2291 1579
2291 3962
2515 497
2515 331
2515 3271
2515 4013
2515 4347
2515 4511
2515 1749
2515 4929
2515 5259
2515 5311
2515 5563
2515 1579
2515 3962
497 331
497 3271
497 4013
497 4347
497 4511
497 1749
497 4929
497 5259
497 5311
497 5563
497 1579
497 3962
331 3271
331 4013
331 4347
331 4511
331 1749
331 4929
331 5259
331 5311
331 5563
331 1579
331 3962
3271 4013
3271 4347
3271 4511
3271 1749
3271 4929
3271 5259
3271 5311
3271 5563
3271 1579
3271 3962
4013 4347
4013 4511
4013 1749
4013 4929
4013 5259
4013 5311
4013 5563
4013 1579
4013 3962
4347 4511
4347 1749
4347 4929
4347 5259
4347 5311
4347 5563
4347 1579
4347 3962
4511 1749
4511 4929
4511 5259
4511 5311
4511 5563
4511 1579
4511 3962
1749 4929
1749 5259
1749 5311
1749 5563
1749 1579
1749 3962
4929 5259
4929 5311
4929 5563
4929 1579
4929 3962
5259 5311
5259 5563
5259 1579
5259 3962
5311 5563
5311 1579
5311 3962
5563 1579
5563 3962
1579 3962
565 807
565 1301
565 1372
565 1971
565 10
565 3510
565 824
807 1301
807 1372
807 1971
807 10
807 3510
807 824
1301 1971
1301 10
1301 3510
1301 824
1372 1971
1372 10
1372 3510
1372 824
1971 10
1971 3510
1971 824
10 3510
10 824
3510 824
4244 4944
4244 5291
4944 5291
35 374
35 1896
374 1896
1575 945
2445 2330
1043 2632
1043 926
1043 3182
1043 1867
1043 4450
1043 2149
1043 222
2632 926
2632 3182
2632 1867
2632 4450
2632 2149
2632 222
926 3182
926 1867
926 4450
926 2149
926 222
3182 1867
3182 4450
3182 2149
3182 222
1867 4450
1867 2149
1867 222
4450 2149
4450 222
2149 222
1774 3841
1774 4954
1774 4252
3841 4954
3841 4252
4954 4252
3473 4268
3473 5503
4268 5503
269 385
269 493
269 2976
269 4391
385 493
385 2976
385 4391
493 2976
493 4391
2976 4391
6107 6153
1216 2953
1216 4359
1216 6156
1216 6378
2953 4359
2953 6156
2953 6378
4359 6156
4359 6378
6156 6378
97 4987
450 1728
276 372
478 2088
478 2276
478 908
478 1793
478 4613
2088 2276
2088 908
2088 1793
2088 4613
2276 908
2276 1793
2276 4613
908 1793
908 4613
1793 4613
807 5715
1941 2610
1125 1729
443 4978
443 3586
4978 3586
1243 3229
1243 5397
3229 5397
2122 2242
2122 3670
2242 3670
804 5428
804 2797
5428 2797
2137 4053
2187 4582
2187 5760
2187 5810
4582 5760
4582 5810
5760 5810
928 2096
928 3476
928 4569
928 1775
928 1327
928 4795
2096 3476
2096 4569
2096 1775
2096 1327
2096 4795
3476 4569
3476 1775
3476 1327
3476 4795
4569 1775
4569 1327
4569 4795
1775 1327
1775 4795
1327 4795
175 182
175 261
175 446
175 1182
175 2239
175 448
175 2381
175 3087
175 3410
175 3765
175 3852
175 205
175 3958
175 4077
175 4190
175 1487
175 3608
175 4610
175 5777
175 2930
175 5671
175 3132
175 5458
182 261
182 446
182 1182
182 2239
182 448
182 2381
182 3087
182 3410
182 3765
182 3852
182 205
182 3958
182 4077
182 4190
182 1487
182 3608
182 4610
182 5777
182 2930
182 5671
182 3132
182 5458
261 446
261 1182
261 2239
261 448
261 2381
261 3087
261 3410
261 3765
261 3852
261 205
261 3958
261 4077
261 4190
261 1487
261 3608
261 4610
261 5777
261 2930
261 5671
261 3132
261 5458
446 1182
446 2239
446 448
446 2381
446 3087
446 3410
446 3765
446 3852
446 205
446 3958
446 4077
446 4190
446 1487
446 3608
446 4610
446 5777
446 2930
446 5671
446 3132
446 5458
1182 2239
1182 448
1182 2381
1182 3087
1182 3410
1182 3765
1182 3852
1182 205
1182 3958
1182 4077
1182 4190
1182 1487
1182 3608
1182 4610
1182 5777
1182 2930
1182 5671
1182 3132
1182 5458
2239 448
2239 2381
2239 3087
2239 3410
2239 3765
2239 3852
2239 205
2239 3958
2239 4077
2239 4190
2239 1487
2239 3608
2239 4610
2239 5777
2239 2930
2239 5671
2239 3132
2239 5458
448 2381
448 3087
448 3410
448 3765
448 3852
448 205
448 3958
448 4077
448 4190
448 1487
448 3608
448 4610
448 5777
448 2930
448 5671
448 3132
448 5458
2381 3087
2381 3410
2381 3765
2381 3852
2381 205
2381 3958
2381 4077
2381 4190
2381 1487
2381 3608
2381 4610
2381 5777
2381 2930
2381 5671
2381 3132
2381 5458
3087 3410
3087 3765
3087 3852
3087 205
3087 3958
3087 4077
3087 4190
3087 1487
3087 3608
3087 4610
3087 5777
3087 2930
3087 5671
3087 3132
3087 5458
3410 3765
3410 3852
3410 205
3410 3958
3410 4077
3410 4190
3410 1487
3410 3608
3410 4610
3410 5777
3410 2930
3410 5671
3410 3132
3410 5458
3765 3852
3765 205
3765 3958
3765 4077
3765 4190
3765 1487
3765 3608
3765 4610
3765 5777
3765 2930
3765 5671
3765 3132
3765 5458
3852 205
3852 3958
3852 4077
3852 4190
3852 1487
3852 3608
3852 4610
3852 5777
3852 2930
3852 5671
3852 3132
3852 5458
205 3958
205 4077
205 4190
205 1487
205 3608
205 4610
205 5777
205 2930
205 5671
205 3132
205 5458
3958 4077
3958 4190
3958 1487
3958 3608
3958 4610
3958 5777
3958 2930
3958 5671
3958 3132
3958 5458
4077 4190
4077 1487
4077 3608
4077 4610
4077 5777
4077 2930
4077 5671
4077 3132
4077 5458
4190 1487
4190 3608
4190 4610
4190 5777
4190 2930
4190 5671
4190 3132
4190 5458
1487 3608
1487 4610
1487 5777
1487 2930
1487 5671
1487 3132
1487 5458
3608 4610
3608 5777
3608 2930
3608 5671
3608 3132
3608 5458
4610 5777
4610 2930
4610 5671
4610 3132
4610 5458
5777 2930
5777 5671
5777 3132
5777 5458
2930 5671
2930 3132
2930 5458
5671 3132
5671 5458
3132 5458
960 3941
3827 516
730 1943
730 3680
730 372
1943 3680
1943 372
3680 372
3104 5433
827 6270
1725 4827
1725 3586
1725 5908
4827 3586
4827 5908
3586 5908
1959 2563
1959 1067
1959 982
1959 2854
2563 1067
2563 982
2563 2854
1067 982
1067 2854
982 2854
1431 2314
184 3092
570 2046
570 3070
570 3098
570 3947
570 5283
2046 3070
2046 3098
2046 3947
2046 5283
3070 3098
3070 3947
3070 5283
3098 3947
3098 5283
3947 5283
211 660
211 1542
211 487
211 3057
211 712
211 5457
211 1507
211 5856
211 6385
660 1542
660 487
660 3057
660 712
660 5457
660 1507
660 5856
660 6385
1542 487
1542 3057
1542 712
1542 5457
1542 1507
1542 5856
1542 6385
487 3057
487 712
487 5457
487 1507
487 5856
487 6385
3057 712
3057 5457
3057 1507
3057 5856
3057 6385
712 5457
712 1507
712 5856
712 6385
5457 1507
5457 5856
5457 6385
1507 5856
1507 6385
5856 6385
1316 5042
543 560
543 951
543 1979
543 2459
543 2461
543 2708
543 2882
543 2008
543 1762
543 3428
543 3872
543 1311
543 4456
543 4598
543 471
543 5304
543 2830
543 3258
543 6396
560 951
560 1979
560 2459
560 2461
560 2708
560 2882
560 2008
560 1762
560 3428
560 3872
560 1311
560 4456
560 4598
560 471
560 5304
560 2830
560 3258
560 6396
951 1979
951 2459
951 2461
951 2708
951 2882
951 2008
951 1762
951 3428
951 3872
951 1311
951 4456
951 4598
951 471
951 5304
951 2830
951 3258
951 6396
1979 2459
1979 2461
1979 2708
1979 2882
1979 2008
1979 1762
1979 3428
1979 3872
1979 1311
1979 4456
1979 4598
1979 471
1979 5304
1979 2830
1979 3258
1979 6396
2459 2461
2459 2708
2459 2882
2459 2008
2459 1762
2459 3428
2459 3872
2459 1311
2459 4456
2459 4598
2459 471
2459 5304
2459 2830
2459 3258
2459 6396
2461 2708
2461 2882
2461 2008
2461 1762
2461 3428
2461 3872
2461 1311
2461 4456
2461 4598
2461 471
2461 5304
2461 2830
2461 3258
2461 6396
2708 2882
2708 2008
2708 1762
2708 3428
2708 3872
2708 1311
2708 4456
2708 4598
2708 471
2708 5304
2708 2830
2708 3258
2708 6396
2882 2008
2882 1762
2882 3428
2882 3872
2882 1311
2882 4456
2882 4598
2882 471
2882 5304
2882 2830
2882 3258
2882 6396
2008 1762
2008 3428
2008 3872
2008 1311
2008 4456
2008 4598
2008 471
2008 5304
2008 2830
2008 3258
2008 6396
1762 3428
1762 3872
1762 1311
1762 4456
1762 4598
1762 471
1762 5304
1762 3258
1762 6396
3428 3872
3428 1311
3428 4456
3428 4598
3428 471
3428 5304
3428 2830
3428 3258
3428 6396
3872 1311
3872 4456
3872 4598
3872 471
3872 5304
3872 2830
3872 3258
3872 6396
1311 4456
1311 4598
1311 471
1311 5304
1311 2830
1311 3258
1311 6396
4456 4598
4456 471
4456 5304
4456 2830
4456 3258
4456 6396
4598 471
4598 5304
4598 2830
4598 3258
4598 6396
471 5304
471 2830
471 3258
471 6396
5304 2830
5304 3258
5304 6396
2830 3258
2830 6396
3258 6396
229 5324
229 5833
5324 5833
3821 902
1223 1753
1223 4198
1223 713
1753 4198
1753 713
4198 713
1399 3708
1399 4187
1399 105
1399 6028
3708 4187
3708 105
3708 6028
4187 105
4187 6028
105 6028
1918 784
169 1830
169 4949
169 1020
169 5320
169 1613
1830 4949
1830 1020
1830 5320
1830 1613
4949 1020
4949 5320
4949 1613
1020 5320
1020 1613
5320 1613
880 2786
2092 947
4530 5830
4530 743
4530 2034
5830 743
5830 2034
743 2034
448 3294
2973 5092
2973 625
5092 625
2178 4230
5246 5258
1578 2737
1578 2928
1578 1740
1578 4640
1578 5261
1578 5458
1578 5885
2737 2928
2737 1740
2737 4640
2737 5261
2737 5458
2737 5885
2928 1740
2928 4640
2928 5261
2928 5458
2928 5885
1740 4640
1740 5261
1740 5458
1740 5885
4640 5261
4640 5458
4640 5885
5261 5458
5261 5885
5458 5885
185 2251
2596 1762
1763 4107
1763 399
1763 5565
1763 1001
1763 569
1763 6236
4107 399
4107 5565
4107 1001
4107 569
4107 6236
399 5565
399 1001
399 569
399 6236
5565 1001
5565 569
5565 6236
1001 569
1001 6236
569 6236
3480 4022
3480 635
4022 635
3903 3591
1301 130
3120 875
3120 3600
3120 4292
3120 4604
3120 5512
3120 3283
3120 6190
875 3600
875 4292
875 4604
875 5512
875 3283
875 6190
3600 4292
3600 4604
3600 5512
3600 3283
3600 6190
4292 4604
4292 5512
4292 3283
4292 6190
4604 5512
4604 3283
4604 6190
5512 3283
5512 6190
3283 6190
3822 4468
455 1097
455 1421
455 1690
455 1776
455 2175
455 2601
455 2700
455 3095
455 3167
455 3146
455 2238
455 3553
455 3615
455 4424
455 884
455 3633
455 2854
455 4708
455 3921
455 2702
455 4843
455 5436
455 6279
455 6365
1097 1421
1097 1690
1097 1776
1097 2175
1097 2601
1097 2700
1097 3095
1097 3167
1097 3146
1097 2238
1097 3553
1097 3615
1097 4424
1097 884
1097 3633
1097 2854
1097 4708
1097 3921
1097 2702
1097 4843
1097 5436
1097 6279
1097 6365
1421 1690
1421 1776
1421 2175
1421 2601
1421 2700
1421 3095
1421 3167
1421 3146
1421 2238
1421 3553
1421 3615
1421 4424
1421 884
1421 3633
1421 2854
1421 4708
1421 3921
1421 2702
1421 4843
1421 5436
1421 6279
1421 6365
1690 1776
1690 2175
1690 2601
1690 2700
1690 3095
1690 3167
1690 3146
1690 2238
1690 3553
1690 3615
1690 4424
1690 884
1690 3633
1690 2854
1690 4708
1690 3921
1690 2702
1690 4843
1690 5436
1690 6279
1690 6365
1776 2175
1776 2601
1776 2700
1776 3095
1776 3167
1776 3146
1776 2238
1776 3553
1776 3615
1776 4424
1776 884
1776 3633
1776 2854
1776 4708
1776 3921
1776 2702
1776 4843
1776 5436
1776 6279
1776 6365
2175 2601
2175 2700
2175 3095
2175 3167
2175 3146
2175 2238
2175 3553
2175 3615
2175 4424
2175 884
2175 3633
2175 2854
2175 4708
2175 3921
2175 2702
2175 4843
2175 5436
2175 6279
2175 6365
2601 2700
2601 3095
2601 3167
2601 3146
2601 2238
2601 3553
2601 3615
2601 4424
2601 884
2601 3633
2601 2854
2601 4708
2601 3921
2601 2702
2601 4843
2601 5436
2601 6279
2601 6365
2700 3095
2700 3167
2700 3146
2700 2238
2700 3553
2700 3615
2700 4424
2700 884
2700 3633
2700 2854
2700 4708
2700 3921
2700 2702
2700 4843
2700 5436
2700 6279
2700 6365
3095 3167
3095 3146
3095 2238
3095 3553
3095 3615
3095 4424
3095 884
3095 3633
3095 2854
3095 4708
3095 3921
3095 2702
3095 4843
3095 5436
3095 6279
3095 6365
3167 3146
3167 2238
3167 3553
3167 3615
3167 4424
3167 884
3167 3633
3167 2854
3167 4708
3167 3921
3167 2702
3167 4843
3167 5436
3167 6279
3167 6365
3146 2238
3146 3553
3146 3615
3146 4424
3146 884
3146 3633
3146 2854
3146 4708
3146 3921
3146 2702
3146 4843
3146 5436
3146 6279
3146 6365
2238 3553
2238 3615
2238 4424
2238 884
2238 3633
2238 2854
2238 4708
2238 3921
2238 2702
2238 4843
2238 5436
2238 6279
2238 6365
3553 3615
3553 4424
3553 884
3553 3633
3553 2854
3553 4708
3553 3921
3553 2702
3553 4843
3553 5436
3553 6279
3553 6365
3615 4424
3615 884
3615 3633
3615 2854
3615 4708
3615 3921
3615 2702
3615 4843
3615 5436
3615 6279
3615 6365
4424 884
4424 3633
4424 2854
4424 4708
4424 3921
4424 2702
4424 4843
4424 5436
4424 6279
4424 6365
884 3633
884 2854
884 4708
884 3921
884 2702
884 4843
884 5436
884 6279
884 6365
3633 2854
3633 4708
3633 3921
3633 2702
3633 4843
3633 5436
3633 6279
3633 6365
2854 4708
2854 3921
2854 2702
2854 4843
2854 5436
2854 6279
2854 6365
4708 3921
4708 2702
4708 4843
4708 5436
4708 6279
4708 6365
3921 2702
3921 4843
3921 5436
3921 6279
3921 6365
2702 4843
2702 5436
2702 6279
2702 6365
4843 5436
4843 6279
4843 6365
5436 6279
5436 6365
6279 6365
3714 1671
3714 5299
1671 5299
457 3949
147 388
147 717
147 719
147 731
147 822
147 69
147 17
147 3291
147 148
147 3401
147 100
147 995
388 717
388 719
388 731
388 822
388 69
388 17
388 3291
388 148
388 3401
388 100
388 995
717 719
717 731
717 822
717 69
717 17
717 3291
717 148
717 3401
717 100
717 995
719 731
719 822
719 69
719 17
719 3291
719 148
719 3401
719 100
719 995
731 822
731 69
731 17
731 3291
731 148
731 3401
731 100
731 995
822 69
822 17
822 3291
822 148
822 3401
822 100
822 995
69 17
69 3291
69 148
69 3401
69 100
69 995
17 3291
17 148
17 3401
17 100
17 995
3291 148
3291 3401
3291 100
3291 995
148 3401
148 100
148 995
3401 100
3401 995
100 995
4819 6001
1757 1969
1757 2655
1757 4937
1969 2655
1969 4937
2655 4937
1743 2867
178 176
178 4765
178 4866
178 3415
176 4765
176 4866
176 3415
4765 4866
4765 3415
4866 3415
760 272
760 4111
760 3283
760 6008
272 4111
272 3283
272 6008
4111 3283
4111 6008
3283 6008
1823 2735
1823 5552
2735 5552
498 5602
498 4085
5602 4085
1298 238
1298 1083
238 1083
2489 6162
1239 1381
1239 3139
1381 3139
181 389
181 1628
181 1833
181 3051
181 292
181 4873
181 135
181 5070
181 5863
181 3767
389 1628
389 1833
389 3051
389 292
389 4873
389 135
389 5070
389 5863
389 3767
1628 1833
1628 3051
1628 292
1628 4873
1628 135
1628 5070
1628 5863
1628 3767
1833 3051
1833 292
1833 4873
1833 135
1833 5070
1833 5863
1833 3767
3051 292
3051 4873
3051 135
3051 5070
3051 5863
3051 3767
292 4873
292 135
292 5070
292 5863
292 3767
4873 135
4873 5070
4873 5863
4873 3767
135 5070
135 5863
135 3767
5070 5863
5070 3767
5863 3767
458 508
2084 3847
139 18
139 2213
139 3309
139 222
139 5658
18 2213
18 3309
18 222
18 5658
2213 3309
2213 222
2213 5658
3309 222
3309 5658
222 5658
108 3615
1132 4188
788 907
788 1645
788 3637
788 3908
788 4447
788 4590
788 3596
788 2876
907 1645
907 3637
907 3908
907 4447
907 4590
907 3596
907 2876
1645 3637
1645 3908
1645 4447
1645 4590
1645 3596
1645 2876
3637 3908
3637 4447
3637 4590
3637 3596
3637 2876
3908 4447
3908 4590
3908 3596
3908 2876
4447 4590
4447 3596
4447 2876
4590 3596
4590 2876
3596 2876
4318 5014
3346 3752
546 4413
546 1701
4413 1701
2652 2489
2652 6217
2489 6217
1458 148
1458 2125
1458 2689
148 2125
148 2689
2125 2689
327 4353
327 1360
327 1335
4353 1360
4353 1335
1360 1335
2308 1255
2308 5593
1255 5593
5641 6043
393 2022
393 5445
2022 5445
274 12
274 346
274 1850
274 4379
12 346
12 1850
12 4379
346 1850
346 4379
1850 4379
150 372
150 5383
372 5383
1371 4884
1371 6334
4884 6334
1972 317
1972 2348
1972 1019
1972 434
1972 281
1972 4646
1972 4996
1972 1864
1972 4078
1972 6016
1972 2506
317 2348
317 1019
317 434
317 281
317 4646
317 4996
317 1864
317 4078
317 6016
317 2506
2348 1019
2348 434
2348 281
2348 4646
2348 4996
2348 1864
2348 4078
2348 6016
2348 2506
1019 434
1019 281
1019 4646
1019 4996
1019 1864
1019 4078
1019 6016
1019 2506
434 281
434 4646
434 4996
434 1864
434 4078
434 6016
434 2506
281 4646
281 4996
281 1864
281 4078
281 6016
281 2506
4646 4996
4646 1864
4646 4078
4646 6016
4646 2506
4996 1864
4996 4078
4996 6016
4996 2506
1864 4078
1864 6016
1864 2506
4078 6016
4078 2506
6016 2506
1770 3040
1770 3764
1770 434
1770 4248
1770 1505
3040 3764
3040 434
3040 4248
3040 1505
3764 434
3764 4248
3764 1505
434 4248
434 1505
4248 1505
416 6052
414 4419
393 4005
393 127
4005 127
3748 5010
3748 6290
5010 6290
783 1279
783 1576
783 3635
783 3461
1279 1576
1279 3635
1279 3461
1576 3635
1576 3461
3635 3461
1126 1178
1126 2140
1126 1046
1126 3525
1126 542
1126 5790
1178 2140
1178 1046
1178 3525
1178 542
1178 5790
2140 1046
2140 3525
2140 542
2140 5790
1046 3525
1046 542
1046 5790
3525 542
3525 5790
542 5790
1198 1339
1198 3926
1198 644
1339 3926
1339 644
3926 644
629 3231
2237 2777
2237 2956
2237 3809
2237 1038
2237 4920
2237 5026
2237 5342
2777 2956
2777 3809
2777 1038
2777 4920
2777 5026
2777 5342
2956 3809
2956 1038
2956 4920
2956 5026
2956 5342
3809 1038
3809 4920
3809 5026
3809 5342
1038 4920
1038 5026
1038 5342
4920 5026
4920 5342
5026 5342
2676 5400
1634 1832
1634 1976
1634 4967
1634 5416
1832 1976
1832 4967
1832 5416
1976 4967
1976 5416
4967 5416
340 1049
340 1109
340 4490
1049 1109
1049 4490
1109 4490
1999 450
1999 2539
1999 4654
450 2539
450 4654
2539 4654
99 3578
99 286
99 4951
99 4955
99 1477
3578 286
3578 4951
3578 4955
3578 1477
286 4951
286 4955
286 1477
4951 4955
4951 1477
4955 1477
3796 278
1367 525
1367 263
1367 20
525 263
525 20
263 20
20 855
20 5681
855 5681
3327 4340
3327 5329
3327 5583
4340 5329
4340 5583
5329 5583
3096 649
3096 5987
649 5987
498 1089
2426 4753
896 2635
3499 3927
3499 3455
3927 3455
116 898
116 1401
116 2873
116 2995
116 3359
116 1493
116 776
116 4947
898 1401
898 2873
898 2995
898 3359
898 1493
898 776
898 4947
1401 2873
1401 2995
1401 3359
1401 1493
1401 776
1401 4947
2873 2995
2873 3359
2873 1493
2873 776
2873 4947
2995 3359
2995 1493
2995 776
2995 4947
3359 1493
3359 776
3359 4947
1493 776
1493 4947
776 4947
136 3498
136 297
136 5580
136 6115
3498 297
3498 5580
3498 6115
297 5580
297 6115
5580 6115
145 76
145 5250
145 5796
145 2547
76 5250
76 5796
76 2547
5250 5796
5250 2547
5796 2547
1223 1524
1223 69
1524 69
3772 5420
463 1050
463 1272
463 2613
463 3759
463 243
463 3967
463 4431
463 4894
463 5412
463 5720
1050 1272
1050 2613
1050 3759
1050 243
1050 3967
1050 4431
1050 4894
1050 5412
1050 5720
1272 2613
1272 3759
1272 243
1272 3967
1272 4431
1272 4894
1272 5412
1272 5720
2613 3759
2613 243
2613 3967
2613 4431
2613 4894
2613 5412
2613 5720
3759 243
3759 3967
3759 4431
3759 4894
3759 5412
3759 5720
243 3967
243 4431
243 4894
243 5412
243 5720
3967 4431
3967 4894
3967 5412
3967 5720
4431 4894
4431 5412
4431 5720
4894 5412
4894 5720
5412 5720
291 3147
291 176
291 4642
3147 176
3147 4642
176 4642
1558 1012
677 380
677 1036
677 1428
677 815
380 1036
380 1428
380 815
1036 1428
1036 815
1428 815
567 837
567 855
567 20
837 855
837 20
855 20
3666 4260
2814 2809
1655 3157
2887 3225
2887 2831
3225 2831
2201 5546
800 470
800 3871
800 5978
800 6193
470 3871
470 5978
470 6193
3871 5978
3871 6193
5978 6193
1581 2439
827 701
4098 3064
4098 5132
4098 366
3064 5132
3064 366
5132 366
171 2547
171 4021
2547 4021
3425 5971
3425 6178
5971 6178
1016 5355
143 1728
143 1223
143 2630
143 1916
143 987
1728 1223
1728 2630
1728 1916
1728 987
1223 2630
1223 1916
1223 987
2630 1916
2630 987
1916 987
299 3169
29 105
29 341
29 451
29 1042
29 711
29 1271
29 1309
29 778
29 1462
29 767
29 1733
29 954
29 487
29 784
29 297
29 2932
29 2975
29 3066
29 3604
29 4290
29 4687
29 4911
29 2656
29 5443
29 5639
29 4733
29 5939
29 3507
29 4033
105 341
105 451
105 1042
105 711
105 1271
105 1309
105 778
105 1462
105 767
105 1733
105 954
105 487
105 784
105 297
105 2932
105 2975
105 3066
105 3604
105 4290
105 4687
105 4911
105 2656
105 5443
105 5639
105 4733
105 5939
105 3507
105 4033
341 451
341 1042
341 711
341 1271
341 1309
341 778
341 1462
341 767
341 1733
341 954
341 487
341 784
341 297
341 2932
341 2975
341 3066
341 3604
341 4290
341 4687
341 4911
341 2656
341 5443
341 5639
341 4733
341 5939
341 3507
341 4033
451 1042
451 711
451 1271
451 1309
451 778
451 1462
451 767
451 1733
451 954
451 487
451 784
451 297
451 2932
451 2975
451 3066
451 3604
451 4290
451 4687
451 4911
451 2656
451 5443
451 5639
451 4733
451 5939
451 3507
451 4033
1042 711
1042 1271
1042 1309
1042 778
1042 1462
1042 767
1042 1733
1042 954
1042 487
1042 784
1042 297
1042 2932
1042 2975
1042 3066
1042 3604
1042 4290
1042 4687
1042 4911
1042 2656
1042 5443
1042 5639
1042 4733
1042 5939
1042 3507
1042 4033
711 1271
711 1309
711 778
711 1462
711 767
711 1733
711 954
711 487
711 784
711 297
711 2932
711 2975
711 3066
711 3604
711 4290
711 4687
711 4911
711 2656
711 5443
711 5639
711 4733
711 5939
711 3507
711 4033
1271 1309
1271 778
1271 1462
1271 767
1271 1733
1271 954
1271 487
1271 784
1271 297
1271 2932
1271 2975
1271 3066
1271 3604
1271 4290
1271 4687
1271 4911
1271 2656
1271 5443
1271 5639
1271 4733
1271 5939
1271 3507
1271 4033
1309 778
1309 1462
1309 767
1309 1733
1309 954
1309 487
1309 784
1309 297
1309 2932
1309 2975
1309 3066
1309 3604
1309 4290
1309 4687
1309 4911
1309 2656
1309 5443
1309 5639
1309 4733
1309 5939
1309 3507
1309 4033
778 1462
778 767
778 1733
778 954
778 487
778 784
778 297
778 2932
778 2975
778 3066
778 3604
778 4290
778 4687
778 4911
778 2656
778 5443
778 5639
778 4733
778 5939
778 3507
778 4033
1462 767
1462 1733
1462 954
1462 487
1462 784
1462 297
1462 2932
1462 2975
1462 3066
1462 3604
1462 4290
1462 4687
1462 4911
1462 2656
1462 5443
1462 5639
1462 4733
1462 5939
1462 3507
1462 4033
767 1733
767 954
767 487
767 784
767 297
767 2932
767 2975
767 3066
767 3604
767 4290
767 4687
767 4911
767 2656
767 5443
767 5639
767 4733
767 5939
767 3507
767 4033
1733 954
1733 487
1733 784
1733 297
1733 2932
1733 2975
1733 3066
1733 3604
1733 4290
1733 4687
1733 4911
1733 2656
1733 5443
1733 5639
1733 4733
1733 5939
1733 3507
1733 4033
954 487
954 784
954 297
954 2932
954 2975
954 3066
954 3604
954 4290
954 4687
954 4911
954 2656
954 5443
954 5639
954 4733
954 5939
954 3507
954 4033
487 784
487 297
487 2932
487 2975
487 3066
487 3604
487 4290
487 4687
487 4911
487 2656
487 5443
487 5639
487 4733
487 5939
487 3507
487 4033
784 297
784 2932
784 2975
784 3066
784 3604
784 4290
784 4687
784 4911
784 2656
784 5443
784 5639
784 4733
784 5939
784 3507
784 4033
297 2932
297 2975
297 3066
297 3604
297 4290
297 4687
297 4911
297 2656
297 5443
297 5639
297 4733
297 5939
297 3507
297 4033
2932 2975
2932 3066
2932 3604
2932 4290
2932 4687
2932 4911
2932 2656
2932 5443
2932 5639
2932 4733
2932 5939
2932 3507
2932 4033
2975 3066
2975 3604
2975 4290
2975 4687
2975 4911
2975 2656
2975 5443
2975 5639
2975 4733
2975 5939
2975 3507
2975 4033
3066 3604
3066 4290
3066 4687
3066 4911
3066 2656
3066 5443
3066 5639
3066 4733
3066 5939
3066 3507
3066 4033
3604 4290
3604 4687
3604 4911
3604 2656
3604 5443
3604 5639
3604 4733
3604 5939
3604 3507
3604 4033
4290 4687
4290 4911
4290 2656
4290 5443
4290 5639
4290 4733
4290 5939
4290 3507
4290 4033
4687 4911
4687 2656
4687 5443
4687 5639
4687 4733
4687 5939
4687 3507
4687 4033
4911 2656
4911 5443
4911 5639
4911 4733
4911 5939
4911 3507
4911 4033
2656 5443
2656 5639
2656 4733
2656 5939
2656 3507
2656 4033
5443 5639
5443 4733
5443 5939
5443 3507
5443 4033
5639 4733
5639 5939
5639 3507
5639 4033
4733 5939
4733 3507
4733 4033
5939 3507
5939 4033
3507 4033
889 1660
528 743
528 970
528 1383
528 2717
528 2825
528 2987
528 70
528 4150
528 4273
528 1106
743 970
743 1383
743 2717
743 2825
743 2987
743 70
743 4150
743 4273
743 1106
970 1383
970 2717
970 2825
970 2987
970 70
970 4150
970 4273
970 1106
1383 2717
1383 2825
1383 2987
1383 70
1383 4150
1383 4273
1383 1106
2717 2825
2717 2987
2717 70
2717 4150
2717 4273
2717 1106
2825 2987
2825 70
2825 4150
2825 4273
2825 1106
2987 70
2987 4150
2987 4273
2987 1106
70 4150
70 4273
70 1106
4150 4273
4150 1106
4273 1106
475 518
475 696
475 997
475 2074
475 2658
475 3207
475 3489
475 3492
475 5038
475 5675
475 6009
475 4829
518 696
518 997
518 2074
518 2658
518 3207
518 3489
518 3492
518 5038
518 5675
518 6009
518 4829
696 997
696 2074
696 2658
696 3207
696 3489
696 3492
696 5038
696 5675
696 6009
696 4829
997 2074
997 2658
997 3207
997 3489
997 3492
997 5038
997 5675
997 6009
997 4829
2074 2658
2074 3207
2074 3489
2074 3492
2074 5038
2074 5675
2074 6009
2074 4829
2658 3207
2658 3489
2658 3492
2658 5038
2658 5675
2658 6009
2658 4829
3207 3489
3207 3492
3207 5038
3207 5675
3207 6009
3207 4829
3489 3492
3489 5038
3489 5675
3489 6009
3489 4829
3492 5038
3492 5675
3492 6009
3492 4829
5038 5675
5038 6009
5038 4829
5675 6009
5675 4829
6009 4829
515 2538
515 5129
515 5691
515 5783
2538 5129
2538 5691
2538 5783
5129 5691
5129 5783
5691 5783
108 301
333 176
333 760
176 760
5765 6110
1211 286
1211 366
1211 1564
1211 6191
286 366
286 1564
286 6191
366 1564
366 6191
1564 6191
1933 2329
2144 2227
3077 4166
3077 6347
4166 6347
1759 3375
1759 4899
1759 5164
1759 5205
3375 4899
3375 5164
3375 5205
4899 5164
4899 5205
5164 5205
192 494
192 138
192 1188
192 1643
192 1677
192 1880
192 1917
192 898
192 2184
192 2780
192 2955
192 1022
192 3005
192 3744
192 3811
192 3911
192 3374
192 4130
192 1507
192 4677
192 758
192 2119
192 5195
192 294
192 5429
192 5504
192 1439
192 1751
192 6086
192 6026
494 138
494 1188
494 1643
494 1677
494 1880
494 1917
494 898
494 2184
494 2780
494 2955
494 1022
494 3005
494 3744
494 3811
494 3911
494 3374
494 4130
494 1507
494 4677
494 758
494 2119
494 5195
494 294
494 5429
494 5504
494 1439
494 1751
494 6086
494 6026
138 1188
138 1643
138 1677
138 1880
138 1917
138 898
138 2184
138 2780
138 2955
138 1022
138 3005
138 3744
138 3811
138 3911
138 3374
138 4130
138 1507
138 4677
138 758
138 2119
138 5195
138 294
138 5429
138 5504
138 1439
138 1751
138 6086
138 6026
1188 1643
1188 1677
1188 1880
1188 1917
1188 898
1188 2184
1188 2780
1188 2955
1188 1022
1188 3005
1188 3744
1188 3811
1188 3911
1188 3374
1188 4130
1188 1507
1188 4677
1188 758
1188 2119
1188 5195
1188 294
1188 5429
1188 5504
1188 1439
1188 1751
1188 6086
1188 6026
1643 1677
1643 1880
1643 1917
1643 898
1643 2184
1643 2780
1643 2955
1643 1022
1643 3005
1643 3744
1643 3811
1643 3911
1643 3374
1643 4130
1643 1507
1643 4677
1643 758
1643 2119
1643 5195
1643 294
1643 5429
1643 5504
1643 1439
1643 1751
1643 6086
1643 6026
1677 1880
1677 1917
1677 898
1677 2184
1677 2780
1677 2955
1677 1022
1677 3005
1677 3744
1677 3811
1677 3911
1677 3374
1677 4130
1677 1507
1677 4677
1677 758
1677 2119
1677 5195
1677 294
1677 5429
1677 5504
1677 1439
1677 1751
1677 6086
1677 6026
1880 1917
1880 898
1880 2184
1880 2780
1880 2955
1880 1022
1880 3005
1880 3744
1880 3811
1880 3911
1880 3374
1880 4130
1880 1507
1880 4677
1880 758
1880 2119
1880 5195
1880 294
1880 5429
1880 5504
1880 1439
1880 1751
1880 6086
1880 6026
1917 898
1917 2184
1917 2780
1917 2955
1917 1022
1917 3005
1917 3744
1917 3811
1917 3911
1917 3374
1917 4130
1917 1507
1917 4677
1917 758
1917 2119
1917 5195
1917 294
1917 5429
1917 5504
1917 1439
1917 1751
1917 6086
1917 6026
898 2184
898 2780
898 2955
898 1022
898 3005
898 3744
898 3811
898 3911
898 3374
898 4130
898 1507
898 4677
898 758
898 2119
898 5195
898 294
898 5429
898 5504
898 1439
898 1751
898 6086
898 6026
2184 2780
2184 2955
2184 1022
2184 3005
2184 3744
2184 3811
2184 3911
2184 3374
2184 4130
2184 1507
2184 4677
2184 758
2184 2119
2184 5195
2184 294
2184 5429
2184 5504
2184 1439
2184 1751
2184 6086
2184 6026
2780 2955
2780 1022
2780 3005
2780 3744
2780 3811
2780 3911
2780 3374
2780 4130
2780 1507
2780 4677
2780 758
2780 2119
2780 5195
2780 294
2780 5429
2780 5504
2780 1439
2780 1751
2780 6086
2780 6026
2955 1022
2955 3005
2955 3744
2955 3811
2955 3911
2955 3374
2955 4130
2955 1507
2955 4677
2955 758
2955 2119
2955 5195
2955 294
2955 5429
2955 5504
2955 1439
2955 1751
2955 6086
2955 6026
1022 3005
1022 3744
1022 3811
1022 3911
1022 3374
1022 4130
1022 1507
1022 4677
1022 758
1022 2119
1022 5195
1022 294
1022 5429
1022 5504
1022 1439
1022 1751
1022 6086
1022 6026
3005 3744
3005 3811
3005 3911
3005 3374
3005 4130
3005 1507
3005 4677
3005 758
3005 2119
3005 5195
3005 294
3005 5429
3005 5504
3005 1439
3005 1751
3005 6086
3005 6026
3744 3811
3744 3911
3744 3374
3744 4130
3744 1507
3744 4677
3744 758
3744 2119
3744 5195
3744 294
3744 5429
3744 5504
3744 1439
3744 1751
3744 6086
3744 6026
3811 3911
3811 3374
3811 4130
3811 1507
3811 4677
3811 758
3811 2119
3811 5195
3811 294
3811 5429
3811 5504
3811 1439
3811 1751
3811 6086
3811 6026
3911 3374
3911 4130
3911 1507
3911 4677
3911 758
3911 2119
3911 5195
3911 294
3911 5429
3911 5504
3911 1439
3911 1751
3911 6086
3911 6026
3374 4130
3374 1507
3374 4677
3374 758
3374 2119
3374 5195
3374 294
3374 5429
3374 5504
3374 1439
3374 1751
3374 6086
3374 6026
4130 1507
4130 4677
4130 758
4130 2119
4130 5195
4130 294
4130 5429
4130 5504
4130 1439
4130 1751
4130 6086
4130 6026
1507 4677
1507 758
1507 2119
1507 5195
1507 294
1507 5429
1507 5504
1507 1439
1507 1751
1507 6086
1507 6026
4677 758
4677 2119
4677 5195
4677 294
4677 5429
4677 5504
4677 1439
4677 1751
4677 6086
4677 6026
758 2119
758 5195
758 294
758 5429
758 5504
758 1439
758 1751
758 6086
758 6026
2119 5195
2119 294
2119 5429
2119 5504
2119 1439
2119 1751
2119 6086
2119 6026
5195 294
5195 5429
5195 5504
5195 1439
5195 1751
5195 6086
5195 6026
294 5429
294 5504
294 1439
294 1751
294 6086
294 6026
5429 5504
5429 1439
5429 1751
5429 6086
5429 6026
5504 1439
5504 1751
5504 6086
5504 6026
1439 1751
1439 6086
1439 6026
1751 6086
1751 6026
6086 6026
2403 2816
2403 1402
2403 4959
2816 1402
2816 4959
1402 4959
165 440
165 1966
165 2316
165 1160
165 117
165 5426
165 6398
440 1966
440 2316
440 1160
440 117
440 5426
440 6398
1966 2316
1966 1160
1966 117
1966 5426
1966 6398
2316 1160
2316 117
2316 5426
2316 6398
1160 117
1160 5426
1160 6398
117 5426
117 6398
5426 6398
2200 453
1028 3448
15 193
1857 4176
1857 5057
4176 5057
493 2853
493 1591
493 3820
493 6
2853 1591
2853 3820
2853 6
1591 3820
1591 6
3820 6
1208 237
984 5485
1322 1834
1368 5302
1368 6274
5302 6274
884 369
884 4925
884 222
369 4925
369 222
4925 222
1259 881
1259 2396
1259 6374
881 2396
881 6374
2396 6374
399 2371
3268 1013
3268 6357
1013 6357
553 750
553 4741
553 5688
553 6293
553 6322
750 4741
750 5688
750 6293
750 6322
4741 5688
4741 6293
4741 6322
5688 6293
5688 6322
6293 6322
574 5520
911 2034
911 2385
911 3611
911 3673
911 4508
911 4647
911 394
2034 2385
2034 3611
2034 3673
2034 4508
2034 4647
2034 394
2385 3611
2385 3673
2385 4508
2385 4647
2385 394
3611 3673
3611 4508
3611 4647
3611 394
3673 4508
3673 4647
3673 394
4508 4647
4508 394
4647 394
4033 2660
1876 2848
1876 138
2848 138
2695 4360
2695 1202
4360 1202
538 1903
538 2451
538 836
538 3401
538 1212
538 263
538 2803
538 2530
1903 2451
1903 836
1903 3401
1903 1212
1903 263
1903 2803
1903 2530
2451 836
2451 3401
2451 1212
2451 263
2451 2803
2451 2530
836 3401
836 1212
836 263
836 2803
836 2530
3401 1212
3401 263
3401 2803
3401 2530
1212 263
1212 2803
1212 2530
263 2803
263 2530
2803 2530
1555 294
1555 2352
1555 38
294 2352
294 38
2352 38
877 106
877 1408
877 1850
877 1908
877 1925
877 2307
877 2354
877 2406
877 2531
877 2639
877 1725
877 3376
877 3501
877 3917
877 3192
877 1881
877 4189
877 4195
877 4317
877 4464
877 4614
877 4858
877 4886
877 4976
877 4316
877 5154
877 5484
877 5525
877 5836
877 665
877 174
106 1408
106 1850
106 1908
106 1925
106 2307
106 2354
106 2406
106 2531
106 2639
106 1725
106 3376
106 3501
106 3917
106 3192
106 1881
106 4189
106 4195
106 4317
106 4464
106 4614
106 4858
106 4886
106 4976
106 4316
106 5154
106 5484
106 5525
106 5836
106 665
106 174
1408 1850
1408 1908
1408 1925
1408 2307
1408 2354
1408 2406
1408 2531
1408 2639
1408 1725
1408 3376
1408 3501
1408 3917
1408 3192
1408 1881
1408 4189
1408 4195
1408 4317
1408 4464
1408 4614
1408 4858
1408 4886
1408 4976
1408 4316
1408 5154
1408 5484
1408 5525
1408 5836
1408 665
1408 174
1850 1908
1850 1925
1850 2307
1850 2354
1850 2406
1850 2531
1850 2639
1850 1725
1850 3376
1850 3501
1850 3917
1850 3192
1850 1881
1850 4189
1850 4195
1850 4317
1850 4464
1850 4614
1850 4858
1850 4886
1850 4976
1850 4316
1850 5154
1850 5484
1850 5525
1850 5836
1850 665
1850 174
1908 1925
1908 2307
1908 2354
1908 2406
1908 2531
1908 2639
1908 1725
1908 3376
1908 3501
1908 3917
1908 3192
1908 1881
1908 4189
1908 4195
1908 4317
1908 4464
1908 4614
1908 4858
1908 4886
1908 4976
1908 4316
1908 5154
1908 5484
1908 5525
1908 5836
1908 665
1908 174
1925 2307
1925 2354
1925 2406
1925 2531
1925 2639
1925 1725
1925 3376
1925 3501
1925 3917
1925 3192
1925 1881
1925 4189
1925 4195
1925 4317
1925 4464
1925 4614
1925 4858
1925 4886
1925 4976
1925 4316
1925 5154
1925 5484
1925 5525
1925 5836
1925 665
1925 174
2307 2354
2307 2406
2307 2531
2307 2639
2307 1725
2307 3376
2307 3501
2307 3917
2307 3192
2307 1881
2307 4189
2307 4195
2307 4317
2307 4464
2307 4614
2307 4858
2307 4886
2307 4976
2307 4316
2307 5154
2307 5484
2307 5525
2307 5836
2307 665
2307 174
2354 2406
2354 2531
2354 2639
2354 1725
2354 3376
2354 3501
2354 3917
2354 3192
2354 1881
2354 4189
2354 4195
2354 4317
2354 4464
2354 4614
2354 4858
2354 4886
2354 4976
2354 4316
2354 5154
2354 5484
2354 5525
2354 5836
2354 665
2354 174
2406 2531
2406 2639
2406 1725
2406 3376
2406 3501
2406 3917
2406 3192
2406 1881
2406 4189
2406 4195
2406 4317
2406 4464
2406 4614
2406 4858
2406 4886
2406 4976
2406 4316
2406 5154
2406 5484
2406 5525
2406 5836
2406 665
2406 174
2531 2639
2531 1725
2531 3376
2531 3501
2531 3917
2531 3192
2531 1881
2531 4189
2531 4195
2531 4317
2531 4464
2531 4614
2531 4858
2531 4886
2531 4976
2531 4316
2531 5154
2531 5484
2531 5525
2531 5836
2531 665
2531 174
2639 1725
2639 3376
2639 3501
2639 3917
2639 3192
2639 1881
2639 4189
2639 4195
2639 4317
2639 4464
2639 4614
2639 4858
2639 4886
2639 4976
2639 4316
2639 5154
2639 5484
2639 5525
2639 5836
2639 665
2639 174
1725 3376
1725 3501
1725 3917
1725 3192
1725 1881
1725 4189
1725 4195
1725 4317
1725 4464
1725 4614
1725 4858
1725 4886
1725 4976
1725 4316
1725 5154
1725 5484
1725 5525
1725 5836
1725 665
1725 174
3376 3501
3376 3917
3376 3192
3376 1881
3376 4189
3376 4195
3376 4317
3376 4464
3376 4614
3376 4858
3376 4886
3376 4976
3376 4316
3376 5154
3376 5484
3376 5525
3376 5836
3376 665
3376 174
3501 3917
3501 3192
3501 1881
3501 4189
3501 4195
3501 4317
3501 4464
3501 4614
3501 4858
3501 4886
3501 4976
3501 4316
3501 5154
3501 5484
3501 5525
3501 5836
3501 665
3501 174
3917 3192
3917 1881
3917 4189
3917 4195
3917 4317
3917 4464
3917 4614
3917 4858
3917 4886
3917 4976
3917 4316
3917 5154
3917 5484
3917 5525
3917 5836
3917 665
3917 174
3192 1881
3192 4189
3192 4195
3192 4317
3192 4464
3192 4614
3192 4858
3192 4886
3192 4976
3192 4316
3192 5154
3192 5484
3192 5525
3192 5836
3192 665
3192 174
1881 4189
1881 4195
1881 4317
1881 4464
1881 4614
1881 4858
1881 4886
1881 4976
1881 4316
1881 5154
1881 5484
1881 5525
1881 5836
1881 665
1881 174
4189 4195
4189 4317
4189 4464
4189 4614
4189 4858
4189 4886
4189 4976
4189 4316
4189 5154
4189 5484
4189 5525
4189 5836
4189 665
4189 174
4195 4317
4195 4464
4195 4614
4195 4858
4195 4886
4195 4976
4195 4316
4195 5154
4195 5484
4195 5525
4195 5836
4195 665
4195 174
4317 4464
4317 4614
4317 4858
4317 4886
4317 4976
4317 4316
4317 5154
4317 5484
4317 5525
4317 5836
4317 665
4317 174
4464 4614
4464 4858
4464 4886
4464 4976
4464 4316
4464 5154
4464 5484
4464 5525
4464 5836
4464 665
4464 174
4614 4858
4614 4886
4614 4976
4614 4316
4614 5154
4614 5484
4614 5525
4614 5836
4614 665
4614 174
4858 4886
4858 4976
4858 4316
4858 5154
4858 5484
4858 5525
4858 5836
4858 665
4858 174
4886 4976
4886 4316
4886 5154
4886 5484
4886 5525
4886 5836
4886 665
4886 174
4976 4316
4976 5154
4976 5484
4976 5525
4976 5836
4976 665
4976 174
4316 5154
4316 5484
4316 5525
4316 5836
4316 665
4316 174
5154 5484
5154 5525
5154 5836
5154 665
5154 174
5484 5525
5484 5836
5484 665
5484 174
5525 5836
5525 665
5525 174
5836 665
5836 174
665 174
4356 5252
4356 5829
5252 5829
468 1121
468 1402
468 1644
468 1840
468 80
468 2787
468 3200
468 1010
468 3836
468 337
468 10
468 3455
468 4851
468 4919
468 2323
468 502
468 369
1121 1402
1121 1644
1121 1840
1121 80
1121 2787
1121 3200
1121 1010
1121 3836
1121 337
1121 10
1121 3455
1121 4851
1121 4919
1121 2323
1121 502
1121 369
1402 1644
1402 1840
1402 80
1402 2787
1402 3200
1402 1010
1402 3836
1402 337
1402 10
1402 3455
1402 4851
1402 4919
1402 2323
1402 502
1402 369
1644 1840
1644 80
1644 2787
1644 3200
1644 1010
1644 3836
1644 337
1644 10
1644 3455
1644 4851
1644 4919
1644 2323
1644 502
1644 369
1840 80
1840 2787
1840 3200
1840 1010
1840 3836
1840 337
1840 10
1840 3455
1840 4851
1840 4919
1840 2323
1840 502
1840 369
80 2787
80 3200
80 1010
80 3836
80 337
80 10
80 3455
80 4851
80 4919
80 2323
80 502
80 369
2787 3200
2787 1010
2787 3836
2787 337
2787 10
2787 3455
2787 4851
2787 4919
2787 2323
2787 502
2787 369
3200 1010
3200 3836
3200 337
3200 10
3200 3455
3200 4851
3200 4919
3200 2323
3200 502
3200 369
1010 3836
1010 337
1010 10
1010 3455
1010 4851
1010 4919
1010 2323
1010 502
1010 369
3836 337
3836 10
3836 3455
3836 4851
3836 4919
3836 2323
3836 502
3836 369
337 10
337 3455
337 4851
337 4919
337 2323
337 502
337 369
10 3455
10 4851
10 4919
10 2323
10 502
10 369
3455 4851
3455 4919
3455 2323
3455 502
3455 369
4851 4919
4851 2323
4851 502
4851 369
4919 2323
4919 502
4919 369
2323 502
2323 369
912 481
912 4531
912 4594
481 4531
481 4594
4531 4594
890 3208
890 3383
890 266
890 307
3208 3383
3208 266
3208 307
3383 266
3383 307
266 307
2516 2550
196 285
196 2212
285 2212
222 5915
85 1497
85 1512
85 2047
85 5284
85 6034
1497 1512
1497 2047
1497 5284
1497 6034
1512 2047
1512 5284
1512 6034
2047 5284
2047 6034
5284 6034
2033 5813
4556 2094
2090 5610
1819 3709
3805 3160
2097 1751
2097 1793
2097 1002
2097 2370
1751 1793
1751 1002
1751 2370
1793 1002
1793 2370
1002 2370
1374 2649
1374 5362
2649 5362
3017 3397
1039 5791
1039 756
5791 756
1233 4030
1233 5144
4030 5144
2080 40
885 5326
587 2762
587 1310
587 4120
587 4028
587 282
587 5590
587 3782
2762 1310
2762 4120
2762 4028
2762 282
2762 5590
2762 3782
1310 4120
1310 4028
1310 282
1310 5590
1310 3782
4120 4028
4120 282
4120 5590
4120 3782
4028 282
4028 5590
4028 3782
282 5590
282 3782
5590 3782
5535 2831
4269 6046
1048 3324
2305 1489
2305 4710
1489 4710
323 1863
323 2441
323 2546
323 3402
323 3614
323 40
323 6387
1863 2441
1863 2546
1863 3402
1863 3614
1863 40
1863 6387
2441 2546
2441 3402
2441 3614
2441 40
2441 6387
2546 3402
2546 3614
2546 40
2546 6387
3402 3614
3402 40
3402 6387
3614 40
3614 6387
40 6387
3695 4095
3695 2646
4095 2646
2346 2693
114 827
525 2575
525 3152
525 4177
525 487
525 4348
525 3433
525 6014
525 6245
2575 3152
2575 4177
2575 487
2575 4348
2575 3433
2575 6014
2575 6245
3152 4177
3152 487
3152 4348
3152 3433
3152 6014
3152 6245
4177 487
4177 4348
4177 3433
4177 6014
4177 6245
487 4348
487 3433
487 6014
487 6245
4348 3433
4348 6014
4348 6245
3433 6014
3433 6245
6014 6245
436 2480
1098 1126
1098 5992
1126 5992
649 1536
649 3364
649 3833
649 675
649 4699
649 5938
649 515
1536 3364
1536 3833
1536 675
1536 4699
1536 5938
1536 515
3364 3833
3364 675
3364 4699
3364 5938
3364 515
3833 675
3833 4699
3833 5938
3833 515
675 4699
675 5938
675 515
4699 5938
4699 515
5938 515
611 568
611 1658
611 3439
611 2105
611 4581
611 4876
611 1596
611 5738
611 6005
568 1658
568 3439
568 2105
568 4581
568 4876
568 1596
568 5738
568 6005
1658 3439
1658 2105
1658 4581
1658 4876
1658 1596
1658 5738
1658 6005
3439 2105
3439 4581
3439 4876
3439 1596
3439 5738
3439 6005
2105 4581
2105 4876
2105 1596
2105 5738
2105 6005
4581 4876
4581 1596
4581 5738
4581 6005
4876 1596
4876 5738
4876 6005
1596 5738
1596 6005
5738 6005
758 945
592 2533
592 898
592 4455
592 4731
592 235
592 5398
2533 898
2533 4455
2533 4731
2533 235
2533 5398
898 4455
898 4731
898 235
898 5398
4455 4731
4455 235
4455 5398
4731 235
4731 5398
235 5398
930 2683
930 3684
2683 3684
634 1223
634 2046
634 5841
1223 2046
1223 5841
2046 5841
1066 3245
1066 3184
1066 5176
3245 3184
3245 5176
3184 5176
1764 1590
1142 1191
1142 1723
1142 4040
1191 1723
1191 4040
1723 4040
1293 1522
1293 2779
1293 2714
1522 2779
1522 2714
2779 2714
310 638
310 2545
310 38
310 4196
310 1707
310 3364
310 4777
310 5096
310 5359
638 2545
638 38
638 4196
638 1707
638 3364
638 4777
638 5096
638 5359
2545 38
2545 4196
2545 1707
2545 3364
2545 4777
2545 5096
2545 5359
38 4196
38 1707
38 3364
38 4777
38 5096
38 5359
4196 1707
4196 3364
4196 4777
4196 5096
4196 5359
1707 3364
1707 4777
1707 5096
1707 5359
3364 4777
3364 5096
3364 5359
4777 5096
4777 5359
5096 5359
1578 4462
1578 5726
4462 5726
247 5463
1005 1568
1005 762
1005 6294
1568 762
1568 6294
762 6294
75 408
75 1166
75 1456
75 2191
75 2870
75 926
75 4114
75 4410
75 4738
75 269
75 5022
75 5244
75 5355
75 5690
408 1166
408 1456
408 2191
408 2870
408 926
408 4114
408 4410
408 4738
408 269
408 5022
408 5244
408 5355
408 5690
1166 1456
1166 2191
1166 2870
1166 926
1166 4114
1166 4410
1166 4738
1166 269
1166 5022
1166 5244
1166 5355
1166 5690
1456 2191
1456 2870
1456 926
1456 4114
1456 4410
1456 4738
1456 269
1456 5022
1456 5244
1456 5355
1456 5690
2191 2870
2191 926
2191 4114
2191 4410
2191 4738
2191 269
2191 5022
2191 5244
2191 5355
2191 5690
2870 926
2870 4114
2870 4410
2870 4738
2870 269
2870 5022
2870 5244
2870 5355
2870 5690
926 4114
926 4410
926 4738
926 269
926 5022
926 5244
926 5355
926 5690
4114 4410
4114 4738
4114 269
4114 5022
4114 5244
4114 5355
4114 5690
4410 4738
4410 269
4410 5022
4410 5244
4410 5355
4410 5690
4738 269
4738 5022
4738 5244
4738 5355
4738 5690
269 5022
269 5244
269 5355
269 5690
5022 5244
5022 5355
5022 5690
5244 5355
5244 5690
5355 5690
1217 3274
1217 2638
3274 2638
267 1084
267 143
1084 143
2146 5390
3980 77
238 905
238 1299
238 304
238 3111
238 3377
238 1776
238 4312
238 5462
238 2423
905 1299
905 304
905 3111
905 3377
905 1776
905 4312
905 5462
905 2423
1299 304
1299 3111
1299 3377
1299 1776
1299 4312
1299 5462
1299 2423
304 3111
304 3377
304 1776
304 4312
304 5462
304 2423
3111 3377
3111 1776
3111 4312
3111 5462
3111 2423
3377 1776
3377 4312
3377 5462
3377 2423
1776 4312
1776 5462
1776 2423
4312 5462
4312 2423
5462 2423
106 608
106 5279
608 5279
4609 2046
1380 1679
1380 927
1380 5231
1679 927
1679 5231
927 5231
554 1947
328 1138
328 1246
328 1433
328 1975
328 3783
328 2399
1138 1246
1138 1433
1138 1975
1138 3783
1138 2399
1246 1433
1246 1975
1246 3783
1246 2399
1433 1975
1433 3783
1433 2399
1975 3783
1975 2399
3783 2399
49 904
49 1491
49 2366
49 3114
49 897
49 4277
49 5684
904 1491
904 2366
904 3114
904 897
904 4277
904 5684
1491 2366
1491 3114
1491 897
1491 4277
1491 5684
2366 3114
2366 897
2366 4277
2366 5684
3114 897
3114 4277
3114 5684
897 4277
897 5684
4277 5684
2105 2782
2105 3034
2105 3089
2105 2776
2105 4706
2782 3034
2782 3089
2782 2776
2782 4706
3034 3089
3034 2776
3034 4706
3089 2776
3089 4706
2776 4706
1360 16
117 912
117 1295
117 525
117 2024
117 2075
117 2114
117 611
117 3130
117 3664
117 2865
117 1593
117 243
117 2854
117 2321
117 1138
117 5786
117 2605
912 1295
912 525
912 2024
912 2075
912 2114
912 611
912 3130
912 3664
912 2865
912 1593
912 243
912 2854
912 2321
912 1138
912 5786
912 2605
1295 525
1295 2024
1295 2075
1295 2114
1295 611
1295 3130
1295 3664
1295 2865
1295 1593
1295 243
1295 2854
1295 2321
1295 1138
1295 5786
1295 2605
525 2024
525 2075
525 2114
525 611
525 3130
525 3664
525 2865
525 1593
525 243
525 2854
525 2321
525 1138
525 5786
525 2605
2024 2075
2024 2114
2024 611
2024 3130
2024 3664
2024 2865
2024 1593
2024 243
2024 2854
2024 2321
2024 1138
2024 5786
2024 2605
2075 2114
2075 611
2075 3130
2075 3664
2075 2865
2075 1593
2075 243
2075 2854
2075 2321
2075 1138
2075 5786
2075 2605
2114 611
2114 3130
2114 3664
2114 2865
2114 1593
2114 243
2114 2854
2114 2321
2114 1138
2114 5786
2114 2605
611 3130
611 3664
611 2865
611 1593
611 243
611 2854
611 2321
611 1138
611 5786
611 2605
3130 3664
3130 2865
3130 1593
3130 243
3130 2854
3130 2321
3130 1138
3130 5786
3130 2605
3664 2865
3664 1593
3664 243
3664 2854
3664 2321
3664 1138
3664 5786
3664 2605
2865 1593
2865 243
2865 2854
2865 2321
2865 1138
2865 5786
2865 2605
1593 243
1593 2854
1593 2321
1593 1138
1593 5786
1593 2605
243 2854
243 2321
243 1138
243 5786
243 2605
2854 2321
2854 1138
2854 5786
2854 2605
2321 1138
2321 5786
2321 2605
1138 5786
1138 2605
5786 2605
1650 342
1650 6313
342 6313
2551 149
3432 2780
3432 134
2780 134
248 360
248 596
248 903
248 955
248 1161
248 1556
248 525
248 2389
248 3341
248 1276
248 241
248 4093
248 4965
248 5551
248 5655
248 5237
248 6170
360 596
360 903
360 955
360 1161
360 1556
360 525
360 2389
360 3341
360 1276
360 241
360 4093
360 4965
360 5551
360 5655
360 5237
360 6170
596 903
596 955
596 1161
596 1556
596 525
596 2389
596 3341
596 1276
596 241
596 4093
596 4965
596 5551
596 5655
596 5237
596 6170
903 955
903 1161
903 1556
903 525
903 2389
903 3341
903 1276
903 241
903 4093
903 4965
903 5551
903 5655
903 5237
903 6170
955 1161
955 1556
955 525
955 2389
955 3341
955 1276
955 241
955 4093
955 4965
955 5551
955 5655
955 5237
955 6170
1161 1556
1161 525
1161 2389
1161 3341
1161 1276
1161 241
1161 4093
1161 4965
1161 5551
1161 5655
1161 5237
1161 6170
1556 525
1556 2389
1556 3341
1556 1276
1556 241
1556 4093
1556 4965
1556 5551
1556 5655
1556 5237
1556 6170
525 2389
525 3341
525 1276
525 241
525 4093
525 4965
525 5551
525 5655
525 5237
525 6170
2389 3341
2389 1276
2389 241
2389 4093
2389 4965
2389 5551
2389 5655
2389 5237
2389 6170
3341 1276
3341 241
3341 4093
3341 4965
3341 5551
3341 5655
3341 5237
3341 6170
1276 241
1276 4093
1276 4965
1276 5551
1276 5655
1276 5237
1276 6170
241 4093
241 4965
241 5551
241 5655
241 5237
241 6170
4093 4965
4093 5551
4093 5655
4093 5237
4093 6170
4965 5551
4965 5655
4965 5237
4965 6170
5551 5655
5551 5237
5551 6170
5655 5237
5655 6170
5237 6170
325 3329
3048 2238
2977 4402
752 1144
1349 1494
1349 4018
1349 5521
1494 4018
1494 5521
4018 5521
334 3049
580 301
3790 5807
3423 4006
61 104
330 2824
1947 1980
952 4157
952 4704
952 3251
4157 4704
4157 3251
4704 3251
3819 4265
1273 2447
1273 2671
1273 1762
1273 1437
2447 2671
2447 1762
2447 1437
2671 1762
2671 1437
1762 1437
2042 4814
3203 3906
949 4184
949 393
4184 393
642 1115
642 1326
642 1926
642 3435
642 4941
642 5857
1115 1326
1115 1926
1115 3435
1115 4941
1115 5857
1326 1926
1326 3435
1326 4941
1326 5857
1926 3435
1926 4941
1926 5857
3435 4941
3435 5857
4941 5857
783 3634
783 3745
3634 3745
421 827
421 5673
827 5673
1123 2833
1123 5108
2833 5108
1107 4423
1738 957
1738 1122
957 1122
2680 5354
1 1460
1 235
1 1839
1 3672
1 2187
1460 235
1460 1839
1460 3672
1460 2187
235 1839
235 3672
235 2187
1839 3672
1839 2187
3672 2187
1434 4148
1434 4813
4148 4813
851 1993
4384 2828
4384 2422
2828 2422
1192 2866
1192 5356
2866 5356
300 2560
300 3436
300 726
300 5317
300 5627
2560 3436
2560 726
2560 5317
2560 5627
3436 726
3436 5317
3436 5627
726 5317
726 5627
5317 5627
1794 2054
1794 3350
1794 3560
1794 3766
1794 703
1794 1320
2054 3350
2054 3560
2054 3766
2054 703
2054 1320
3350 3560
3350 3766
3350 703
3350 1320
3560 3766
3560 703
3560 1320
3766 703
3766 1320
703 1320
311 1920
311 3067
311 4867
1920 3067
1920 4867
3067 4867
701 854
701 2732
701 1947
701 4066
701 4365
701 5743
701 4260
854 2732
854 1947
854 4066
854 4365
854 5743
854 4260
2732 1947
2732 4066
2732 4365
2732 5743
2732 4260
1947 4066
1947 4365
1947 5743
1947 4260
4066 4365
4066 5743
4066 4260
4365 5743
4365 4260
5743 4260
866 589
487 525
487 2507
487 748
487 4936
487 1230
525 2507
525 748
525 4936
525 1230
2507 748
2507 4936
2507 1230
748 4936
748 1230
4936 1230
2944 62
2944 5292
2944 2474
2944 5966
62 5292
62 2474
62 5966
5292 2474
5292 5966
2474 5966
829 2034
626 812
626 784
626 1204
626 1490
626 2204
626 2250
626 2268
626 2412
626 2838
626 1331
626 4215
626 4355
626 4492
626 4483
626 4737
626 5080
626 5596
626 0
626 6051
626 6221
812 784
812 1204
812 1490
812 2204
812 2250
812 2268
812 2412
812 2838
812 1331
812 4215
812 4355
812 4492
812 4483
812 4737
812 5080
812 5596
812 0
812 6051
812 6221
784 1204
784 1490
784 2204
784 2250
784 2268
784 2412
784 2838
784 1331
784 4215
784 4355
784 4492
784 4483
784 4737
784 5080
784 5596
784 0
784 6051
784 6221
1204 1490
1204 2204
1204 2250
1204 2268
1204 2412
1204 2838
1204 1331
1204 4215
1204 4355
1204 4492
1204 4483
1204 4737
1204 5080
1204 5596
1204 0
1204 6051
1204 6221
1490 2204
1490 2250
1490 2268
1490 2412
1490 2838
1490 1331
1490 4215
1490 4355
1490 4492
1490 4483
1490 4737
1490 5080
1490 5596
1490 0
1490 6051
1490 6221
2204 2250
2204 2268
2204 2412
2204 2838
2204 1331
2204 4215
2204 4355
2204 4492
2204 4483
2204 4737
2204 5080
2204 5596
2204 0
2204 6051
2204 6221
2250 2268
2250 2412
2250 2838
2250 1331
2250 4215
2250 4355
2250 4492
2250 4483
2250 4737
2250 5080
2250 5596
2250 0
2250 6051
2250 6221
2268 2412
2268 2838
2268 1331
2268 4215
2268 4355
2268 4492
2268 4483
2268 4737
2268 5080
2268 5596
2268 0
2268 6051
2268 6221
2412 2838
2412 1331
2412 4215
2412 4355
2412 4492
2412 4483
2412 4737
2412 5080
2412 5596
2412 0
2412 6051
2412 6221
2838 1331
2838 4215
2838 4355
2838 4492
2838 4483
2838 4737
2838 5080
2838 5596
2838 0
2838 6051
2838 6221
1331 4215
1331 4355
1331 4492
1331 4483
1331 4737
1331 5080
1331 5596
1331 0
1331 6051
1331 6221
4215 4355
4215 4492
4215 4483
4215 4737
4215 5080
4215 5596
4215 0
4215 6051
4215 6221
4355 4492
4355 4483
4355 4737
4355 5080
4355 5596
4355 0
4355 6051
4355 6221
4492 4483
4492 4737
4492 5080
4492 5596
4492 0
4492 6051
4492 6221
4483 4737
4483 5080
4483 5596
4483 0
4483 6051
4483 6221
4737 5080
4737 5596
4737 0
4737 6051
4737 6221
5080 5596
5080 0
5080 6051
5080 6221
5596 0
5596 6051
5596 6221
0 6051
0 6221
6051 6221
782 848
782 1493
782 2421
782 3159
782 748
782 5985
848 1493
848 2421
848 3159
848 748
848 5985
1493 2421
1493 3159
1493 748
1493 5985
2421 3159
2421 748
2421 5985
3159 748
3159 5985
748 5985
445 1160
445 3807
1160 3807
365 499
365 1681
365 2541
365 4970
499 1681
499 2541
499 4970
1681 2541
1681 4970
2541 4970
3 759
3 1727
3 2486
3 2830
3 4124
3 797
3 1690
759 1727
759 2486
759 2830
759 4124
759 797
759 1690
1727 2486
1727 2830
1727 4124
1727 797
1727 1690
2486 2830
2486 4124
2486 797
2486 1690
2830 4124
2830 797
2830 1690
4124 797
4124 1690
797 1690
883 5624
1090 4384
1467 5667
952 5278
952 4905
5278 4905
390 2688
390 3794
390 5660
390 5682
390 69
2688 3794
2688 5660
2688 5682
2688 69
3794 5660
3794 5682
3794 69
5660 5682
5660 69
5682 69
678 868
678 2066
678 2351
678 2539
678 4740
678 5034
678 5191
678 1158
678 569
678 1353
678 5897
678 5374
678 1751
868 2066
868 2351
868 2539
868 4740
868 5034
868 5191
868 1158
868 569
868 1353
868 5897
868 5374
868 1751
2066 2351
2066 2539
2066 4740
2066 5034
2066 5191
2066 1158
2066 569
2066 1353
2066 5897
2066 5374
2066 1751
2351 2539
2351 4740
2351 5034
2351 5191
2351 1158
2351 569
2351 1353
2351 5897
2351 5374
2351 1751
2539 4740
2539 5034
2539 5191
2539 1158
2539 569
2539 1353
2539 5897
2539 5374
2539 1751
4740 5034
4740 5191
4740 1158
4740 569
4740 1353
4740 5897
4740 5374
4740 1751
5034 5191
5034 1158
5034 569
5034 1353
5034 5897
5034 5374
5034 1751
5191 1158
5191 569
5191 1353
5191 5897
5191 5374
5191 1751
1158 569
1158 1353
1158 5897
1158 5374
1158 1751
569 1353
569 5897
569 5374
569 1751
1353 5897
1353 5374
1353 1751
5897 5374
5897 1751
5374 1751
1707 2702
69 828
69 3201
69 467
69 3896
69 3300
69 6140
828 3201
828 467
828 3896
828 3300
828 6140
3201 467
3201 3896
3201 3300
3201 6140
467 3896
467 3300
467 6140
3896 3300
3896 6140
3300 6140
367 3469
367 5665
3469 5665
2914 198
2914 5220
198 5220
2673 2019
143 2059
143 2760
143 4926
2059 2760
2059 4926
2760 4926
3661 5544
3661 5506
5544 5506
588 3902
1545 3825
1492 3158
199 1421
1916 6300
371 220
309 3629
309 2803
3629 2803
2996 4387
971 1701
971 2064
971 3298
971 3514
971 4132
971 5107
1701 2064
1701 3298
1701 3514
1701 4132
1701 5107
2064 3298
2064 3514
2064 4132
2064 5107
3298 3514
3298 4132
3298 5107
3514 4132
3514 5107
4132 5107
3445 3613
3445 4248
3613 4248
1667 2823
1667 2913
2823 2913
2128 2440
881 3646
881 5124
881 6050
3646 5124
3646 6050
5124 6050
5435 3014
1563 1693
125 4568
289 1606
45 313
45 1547
45 1586
45 1592
45 1217
45 178
45 2586
45 3518
45 4038
45 643
45 2506
45 4140
45 4311
45 4339
45 4369
45 5011
45 5680
45 6055
45 589
45 6246
45 6381
313 1547
313 1586
313 1592
313 1217
313 178
313 2586
313 3518
313 4038
313 643
313 2506
313 4140
313 4311
313 4339
313 4369
313 5011
313 5680
313 6055
313 589
313 6246
313 6381
1547 1586
1547 1592
1547 1217
1547 178
1547 2586
1547 3518
1547 4038
1547 643
1547 2506
1547 4140
1547 4311
1547 4339
1547 4369
1547 5011
1547 5680
1547 6055
1547 589
1547 6246
1547 6381
1586 1592
1586 1217
1586 178
1586 2586
1586 3518
1586 4038
1586 643
1586 2506
1586 4140
1586 4311
1586 4339
1586 4369
1586 5011
1586 5680
1586 6055
1586 589
1586 6246
1586 6381
1592 1217
1592 178
1592 2586
1592 3518
1592 4038
1592 643
1592 2506
1592 4140
1592 4311
1592 4339
1592 4369
1592 5011
1592 5680
1592 6055
1592 589
1592 6246
1592 6381
1217 178
1217 2586
1217 3518
1217 4038
1217 643
1217 2506
1217 4140
1217 4311
1217 4339
1217 4369
1217 5011
1217 5680
1217 6055
1217 589
1217 6246
1217 6381
178 2586
178 3518
178 4038
178 643
178 2506
178 4140
178 4311
178 4339
178 4369
178 5011
178 5680
178 6055
178 589
178 6246
178 6381
2586 3518
2586 4038
2586 643
2586 2506
2586 4140
2586 4311
2586 4339
2586 4369
2586 5011
2586 5680
2586 6055
2586 589
2586 6246
2586 6381
3518 4038
3518 643
3518 2506
3518 4140
3518 4311
3518 4339
3518 4369
3518 5011
3518 5680
3518 6055
3518 589
3518 6246
3518 6381
4038 643
4038 2506
4038 4140
4038 4311
4038 4339
4038 4369
4038 5011
4038 5680
4038 6055
4038 589
4038 6246
4038 6381
643 2506
643 4140
643 4311
643 4339
643 4369
643 5011
643 5680
643 6055
643 589
643 6246
643 6381
2506 4140
2506 4311
2506 4339
2506 4369
2506 5011
2506 5680
2506 6055
2506 589
2506 6246
2506 6381
4140 4311
4140 4339
4140 4369
4140 5011
4140 5680
4140 6055
4140 589
4140 6246
4140 6381
4311 4339
4311 4369
4311 5011
4311 5680
4311 6055
4311 589
4311 6246
4311 6381
4339 4369
4339 5011
4339 5680
4339 6055
4339 589
4339 6246
4339 6381
4369 5011
4369 5680
4369 6055
4369 589
4369 6246
4369 6381
5011 5680
5011 6055
5011 589
5011 6246
5011 6381
5680 6055
5680 589
5680 6246
5680 6381
6055 589
6055 6246
6055 6381
589 6246
589 6381
6246 6381
1112 3433
2704 2811
2704 326
2811 326
5600 6033
241 4296
241 3349
4296 3349
542 3089
1396 4
1396 2046
1396 6189
1396 5447
4 2046
4 6189
4 5447
2046 6189
2046 5447
6189 5447
3510 680
1016 1115
1016 2789
1016 1530
1115 2789
1115 1530
2789 1530
145 220
145 4050
220 4050
1048 2063
1048 4935
2063 4935
18 1281
18 1202
18 3367
18 3593
18 655
18 4718
18 5086
18 5309
18 1528
18 5361
18 5895
18 3682
18 6018
1281 1202
1281 3367
1281 3593
1281 655
1281 4718
1281 5086
1281 5309
1281 1528
1281 5361
1281 5895
1281 3682
1281 6018
1202 3367
1202 3593
1202 655
1202 4718
1202 5086
1202 5309
1202 1528
1202 5361
1202 5895
1202 3682
1202 6018
3367 3593
3367 655
3367 4718
3367 5086
3367 5309
3367 1528
3367 5361
3367 5895
3367 3682
3367 6018
3593 655
3593 4718
3593 5086
3593 5309
3593 1528
3593 5361
3593 5895
3593 3682
3593 6018
655 4718
655 5086
655 5309
655 1528
655 5361
655 5895
655 3682
655 6018
4718 5086
4718 5309
4718 1528
4718 5361
4718 5895
4718 3682
4718 6018
5086 5309
5086 1528
5086 5361
5086 5895
5086 3682
5086 6018
5309 1528
5309 5361
5309 5895
5309 3682
5309 6018
1528 5361
1528 5895
1528 3682
1528 6018
5361 5895
5361 3682
5361 6018
5895 3682
5895 6018
3682 6018
294 1870
294 6315
1870 6315
370 5952
1061 4564
1061 307
1061 5989
4564 307
4564 5989
307 5989
3761 1870
1662 2642
2773 326
2773 5946
2773 1823
326 5946
326 1823
5946 1823
1090 2579
1090 2807
1090 3546
1090 4523
1090 4902
1090 2283
1090 1001
2579 2807
2579 3546
2579 4523
2579 4902
2579 2283
2579 1001
2807 3546
2807 4523
2807 4902
2807 2283
2807 1001
3546 4523
3546 4902
3546 2283
3546 1001
4523 4902
4523 2283
4523 1001
4902 2283
4902 1001
2283 1001
375 1708
1879 2246
1879 5851
2246 5851
1263 3055
1263 4078
3055 4078
138 6130
894 1958
3648 4519
1323 1582
1323 2919
1323 3248
1323 3942
1323 4992
1323 4711
1582 2919
1582 3248
1582 3942
1582 4992
1582 4711
2919 3248
2919 3942
2919 4992
2919 4711
3248 3942
3248 4992
3248 4711
3942 4992
3942 4711
4992 4711
98 366
98 544
98 920
98 1940
98 2223
98 2324
98 3347
98 3583
98 3751
98 868
98 4380
98 4520
98 4860
98 6000
366 544
366 920
366 1940
366 2223
366 2324
366 3347
366 3583
366 3751
366 868
366 4380
366 4520
366 4860
366 6000
544 920
544 1940
544 2223
544 2324
544 3347
544 3583
544 3751
544 868
544 4380
544 4520
544 4860
544 6000
920 1940
920 2223
920 2324
920 3347
920 3583
920 3751
920 868
920 4380
920 4520
920 4860
920 6000
1940 2223
1940 2324
1940 3347
1940 3583
1940 3751
1940 868
1940 4380
1940 4520
1940 4860
1940 6000
2223 2324
2223 3347
2223 3583
2223 3751
2223 868
2223 4380
2223 4520
2223 4860
2223 6000
2324 3347
2324 3583
2324 3751
2324 868
2324 4380
2324 4520
2324 4860
2324 6000
3347 3583
3347 3751
3347 868
3347 4380
3347 4520
3347 4860
3347 6000
3583 3751
3583 868
3583 4380
3583 4520
3583 4860
3583 6000
3751 868
3751 4380
3751 4520
3751 4860
3751 6000
868 4380
868 4520
868 4860
868 6000
4380 4520
4380 4860
4380 6000
4520 4860
4520 6000
4860 6000
2300 3467
2300 1028
2300 423
3467 1028
3467 423
1028 423
1500 2530
1500 3437
1500 3777
1500 5553
1500 3921
1500 3596
2530 3437
2530 3777
2530 5553
2530 3921
2530 3596
3437 3777
3437 5553
3437 3921
3437 3596
3777 5553
3777 3921
3777 3596
5553 3921
5553 3596
3921 3596
3519 4080
2878 1353
902 3450
4741 3458
246 1581
246 2034
246 3930
246 5458
246 3591
1581 2034
1581 3930
1581 5458
1581 3591
2034 3930
2034 5458
2034 3591
3930 5458
3930 3591
5458 3591
568 826
568 238
568 1002
568 3580
568 36
568 2955
826 238
826 1002
826 3580
826 36
826 2955
238 1002
238 3580
238 36
238 2955
1002 3580
1002 36
1002 2955
3580 36
3580 2955
36 2955
1742 2015
1742 2900
1742 3042
1742 3064
1742 3343
1742 3945
1742 4016
1742 971
1742 5017
1742 5357
1742 1162
2015 2900
2015 3042
2015 3064
2015 3343
2015 3945
2015 4016
2015 971
2015 5017
2015 5357
2015 1162
2900 3042
2900 3064
2900 3343
2900 3945
2900 4016
2900 971
2900 5017
2900 5357
2900 1162
3042 3064
3042 3343
3042 3945
3042 4016
3042 971
3042 5017
3042 5357
3042 1162
3064 3343
3064 3945
3064 4016
3064 971
3064 5017
3064 5357
3064 1162
3343 3945
3343 4016
3343 971
3343 5017
3343 5357
3343 1162
3945 4016
3945 971
3945 5017
3945 5357
3945 1162
4016 971
4016 5017
4016 5357
4016 1162
971 5017
971 5357
971 1162
5017 5357
5017 1162
5357 1162
128 266
128 342
128 655
128 1218
128 1439
128 4988
128 3614
266 342
266 655
266 1218
266 1439
266 4988
266 3614
342 655
342 1218
342 1439
342 4988
342 3614
655 1218
655 1439
655 4988
655 3614
1218 1439
1218 4988
1218 3614
1439 4988
1439 3614
4988 3614
123 1750
487 3877
79 355
79 412
79 535
79 1845
79 3056
79 3363
79 801
79 1043
79 1323
79 3718
79 3767
79 3830
79 1930
79 4505
79 4958
79 1993
79 2746
79 5175
79 83
79 5797
79 5861
79 3093
355 412
355 535
355 1845
355 3056
355 3363
355 801
355 1043
355 1323
355 3718
355 3767
355 3830
355 1930
355 4505
355 4958
355 1993
355 2746
355 5175
355 83
355 5797
355 5861
355 3093
412 535
412 1845
412 3056
412 3363
412 801
412 1043
412 1323
412 3718
412 3767
412 3830
412 1930
412 4505
412 4958
412 1993
412 2746
412 5175
412 83
412 5797
412 5861
412 3093
535 1845
535 3056
535 3363
535 801
535 1043
535 1323
535 3718
535 3767
535 3830
535 1930
535 4505
535 4958
535 1993
535 2746
535 5175
535 83
535 5797
535 5861
535 3093
1845 3056
1845 3363
1845 801
1845 1043
1845 1323
1845 3718
1845 3767
1845 3830
1845 1930
1845 4505
1845 4958
1845 1993
1845 2746
1845 5175
1845 83
1845 5797
1845 5861
1845 3093
3056 3363
3056 801
3056 1043
3056 1323
3056 3718
3056 3767
3056 3830
3056 1930
3056 4505
3056 4958
3056 1993
3056 2746
3056 5175
3056 83
3056 5797
3056 5861
3056 3093
3363 801
3363 1043
3363 1323
3363 3718
3363 3767
3363 3830
3363 1930
3363 4505
3363 4958
3363 1993
3363 2746
3363 5175
3363 83
3363 5797
3363 5861
3363 3093
801 1043
801 1323
801 3718
801 3767
801 3830
801 1930
801 4505
801 4958
801 1993
801 2746
801 5175
801 83
801 5797
801 5861
801 3093
1043 1323
1043 3718
1043 3767
1043 3830
1043 1930
1043 4505
1043 4958
1043 1993
1043 2746
1043 5175
1043 83
1043 5797
1043 5861
1043 3093
1323 3718
1323 3767
1323 3830
1323 1930
1323 4505
1323 4958
1323 1993
1323 2746
1323 5175
1323 83
1323 5797
1323 5861
1323 3093
3718 3767
3718 3830
3718 1930
3718 4505
3718 4958
3718 1993
3718 2746
3718 5175
3718 83
3718 5797
3718 5861
3718 3093
3767 3830
3767 1930
3767 4505
3767 4958
3767 1993
3767 2746
3767 5175
3767 83
3767 5797
3767 5861
3767 3093
3830 1930
3830 4505
3830 4958
3830 1993
3830 2746
3830 5175
3830 83
3830 5797
3830 5861
3830 3093
1930 4505
1930 4958
1930 1993
1930 2746
1930 5175
1930 83
1930 5797
1930 5861
1930 3093
4505 4958
4505 1993
4505 2746
4505 5175
4505 83
4505 5797
4505 5861
4505 3093
4958 1993
4958 2746
4958 5175
4958 83
4958 5797
4958 5861
4958 3093
1993 2746
1993 5175
1993 83
1993 5797
1993 5861
1993 3093
2746 5175
2746 83
2746 5797
2746 5861
2746 3093
5175 83
5175 5797
5175 5861
5175 3093
83 5797
83 5861
83 3093
5797 5861
5797 3093
5861 3093
2146 3021
525 453
525 1074
525 315
525 675
453 1074
453 315
453 675
1074 315
1074 675
315 675
208 331
77 2637
77 3452
77 5912
77 6226
2637 3452
2637 5912
2637 6226
3452 5912
3452 6226
5912 6226
1030 1330
1030 2447
1330 2447
404 266
404 173
404 2424
404 5731
266 173
266 2424
266 5731
173 2424
173 5731
2424 5731
848 4028
848 4175
848 4489
848 1283
848 655
848 6127
4028 4175
4028 4489
4028 1283
4028 655
4028 6127
4175 4489
4175 1283
4175 655
4175 6127
4489 1283
4489 655
4489 6127
1283 655
1283 6127
655 6127
475 836
475 490
475 1946
475 16
475 2503
475 3930
475 4072
475 157
475 4376
475 4458
475 1591
475 2795
475 5294
475 5354
475 5611
475 5752
475 6344
836 490
836 1946
836 16
836 2503
836 3930
836 4072
836 157
836 4376
836 4458
836 1591
836 2795
836 5294
836 5354
836 5611
836 5752
836 6344
490 1946
490 16
490 2503
490 3930
490 4072
490 157
490 4376
490 4458
490 1591
490 2795
490 5294
490 5354
490 5611
490 5752
490 6344
1946 16
1946 2503
1946 3930
1946 4072
1946 157
1946 4376
1946 4458
1946 1591
1946 2795
1946 5294
1946 5354
1946 5611
1946 5752
1946 6344
16 2503
16 3930
16 4072
16 157
16 4376
16 4458
16 1591
16 2795
16 5294
16 5354
16 5611
16 5752
16 6344
2503 3930
2503 4072
2503 157
2503 4376
2503 4458
2503 1591
2503 2795
2503 5294
2503 5354
2503 5611
2503 5752
2503 6344
3930 4072
3930 157
3930 4376
3930 4458
3930 1591
3930 2795
3930 5294
3930 5354
3930 5611
3930 5752
3930 6344
4072 157
4072 4376
4072 4458
4072 1591
4072 2795
4072 5294
4072 5354
4072 5611
4072 5752
4072 6344
157 4376
157 4458
157 1591
157 2795
157 5294
157 5354
157 5611
157 5752
157 6344
4376 4458
4376 1591
4376 2795
4376 5294
4376 5354
4376 5611
4376 5752
4376 6344
4458 1591
4458 2795
4458 5294
4458 5354
4458 5611
4458 5752
4458 6344
1591 2795
1591 5294
1591 5354
1591 5611
1591 5752
1591 6344
2795 5294
2795 5354
2795 5611
2795 5752
2795 6344
5294 5354
5294 5611
5294 5752
5294 6344
5354 5611
5354 5752
5354 6344
5611 5752
5611 6344
5752 6344
625 4964
1991 2304
1991 2322
1991 1816
2304 2322
2304 1816
2322 1816
2110 6182
1795 5574
2610 3565
2610 520
3565 520
1177 3413
1177 4611
3413 4611
3842 3268
3842 655
3268 655
675 366
2077 5407
4323 2350
1194 1837
1194 2942
1194 3804
1194 2501
1194 4514
1194 812
1194 1002
1194 3963
1837 2942
1837 3804
1837 2501
1837 4514
1837 812
1837 1002
1837 3963
2942 3804
2942 2501
2942 4514
2942 812
2942 1002
2942 3963
3804 2501
3804 4514
3804 812
3804 1002
3804 3963
2501 4514
2501 812
2501 1002
2501 3963
4514 812
4514 1002
4514 3963
812 1002
812 3963
1002 3963
1923 2273
1923 5201
2273 5201
159 1291
159 1056
159 1081
159 6360
1291 1056
1291 1081
1291 6360
1056 1081
1056 6360
1081 6360
533 2062
533 635
2062 635
764 2220
764 4121
2220 4121
1338 1678
1338 3004
1338 675
1678 3004
1678 675
3004 675
473 1163
473 2031
1163 2031
1317 4266
1317 4626
1317 5067
1317 5171
1317 1913
4266 4626
4266 5067
4266 5171
4266 1913
4626 5067
4626 5171
4626 1913
5067 5171
5067 1913
5171 1913
188 1095
188 1266
188 1571
188 1878
188 935
188 494
188 2751
188 2998
188 3228
188 1396
188 3912
188 5121
188 579
188 803
188 6259
1095 1266
1095 1571
1095 1878
1095 935
1095 494
1095 2751
1095 2998
1095 3228
1095 1396
1095 3912
1095 5121
1095 579
1095 803
1095 6259
1266 1571
1266 1878
1266 935
1266 494
1266 2751
1266 2998
1266 3228
1266 1396
1266 3912
1266 5121
1266 579
1266 803
1266 6259
1571 1878
1571 935
1571 494
1571 2751
1571 2998
1571 3228
1571 1396
1571 3912
1571 5121
1571 579
1571 803
1571 6259
1878 935
1878 494
1878 2751
1878 2998
1878 3228
1878 1396
1878 3912
1878 5121
1878 579
1878 803
1878 6259
935 494
935 2751
935 2998
935 3228
935 1396
935 3912
935 5121
935 579
935 803
935 6259
494 2751
494 2998
494 3228
494 1396
494 3912
494 5121
494 579
494 803
494 6259
2751 2998
2751 3228
2751 1396
2751 3912
2751 5121
2751 579
2751 803
2751 6259
2998 3228
2998 1396
2998 3912
2998 5121
2998 579
2998 803
2998 6259
3228 1396
3228 3912
3228 5121
3228 579
3228 803
3228 6259
1396 3912
1396 5121
1396 579
1396 803
1396 6259
3912 5121
3912 579
3912 803
3912 6259
5121 579
5121 803
5121 6259
579 803
579 6259
803 6259
512 1591
512 222
512 3782
1591 222
1591 3782
222 3782
398 713
398 1002
398 1731
398 2165
398 2460
398 2745
398 1557
398 2107
398 2592
398 4094
398 169
398 4225
398 4525
398 4952
398 69
398 2406
398 5595
398 6211
398 6225
713 1002
713 1731
713 2165
713 2460
713 2745
713 1557
713 2107
713 2592
713 4094
713 169
713 4225
713 4525
713 4952
713 69
713 2406
713 5595
713 6211
713 6225
1002 1731
1002 2165
1002 2460
1002 2745
1002 1557
1002 2107
1002 2592
1002 4094
1002 169
1002 4225
1002 4525
1002 4952
1002 69
1002 2406
1002 5595
1002 6211
1002 6225
1731 2165
1731 2460
1731 2745
1731 1557
1731 2107
1731 2592
1731 4094
1731 169
1731 4225
1731 4525
1731 4952
1731 69
1731 2406
1731 5595
1731 6211
1731 6225
2165 2460
2165 2745
2165 1557
2165 2107
2165 2592
2165 4094
2165 169
2165 4225
2165 4525
2165 4952
2165 69
2165 2406
2165 5595
2165 6211
2165 6225
2460 2745
2460 1557
2460 2107
2460 2592
2460 4094
2460 169
2460 4225
2460 4525
2460 4952
2460 69
2460 2406
2460 5595
2460 6211
2460 6225
2745 1557
2745 2107
2745 2592
2745 4094
2745 169
2745 4225
2745 4525
2745 4952
2745 69
2745 2406
2745 5595
2745 6211
2745 6225
1557 2107
1557 2592
1557 4094
1557 169
1557 4225
1557 4525
1557 4952
1557 69
1557 2406
1557 5595
1557 6211
1557 6225
2107 2592
2107 4094
2107 169
2107 4225
2107 4525
2107 4952
2107 69
2107 2406
2107 5595
2107 6211
2107 6225
2592 4094
2592 169
2592 4225
2592 4525
2592 4952
2592 69
2592 2406
2592 5595
2592 6211
2592 6225
4094 169
4094 4225
4094 4525
4094 4952
4094 69
4094 2406
4094 5595
4094 6211
4094 6225
169 4225
169 4525
169 4952
169 69
169 2406
169 5595
169 6211
169 6225
4225 4525
4225 4952
4225 69
4225 2406
4225 5595
4225 6211
4225 6225
4525 4952
4525 69
4525 2406
4525 5595
4525 6211
4525 6225
4952 69
4952 2406
4952 5595
4952 6211
4952 6225
69 2406
69 5595
69 6211
69 6225
2406 5595
2406 6211
2406 6225
5595 6211
5595 6225
6211 6225
594 1984
594 1052
594 1774
594 4141
594 4479
594 4123
594 1403
594 5349
594 6092
1984 1052
1984 1774
1984 4141
1984 4479
1984 4123
1984 1403
1984 5349
1984 6092
1052 1774
1052 4141
1052 4479
1052 4123
1052 1403
1052 5349
1052 6092
1774 4141
1774 4479
1774 4123
1774 1403
1774 5349
1774 6092
4141 4479
4141 4123
4141 1403
4141 5349
4141 6092
4479 4123
4479 1403
4479 5349
4479 6092
4123 1403
4123 5349
4123 6092
1403 5349
1403 6092
5349 6092
1882 1521
1882 1655
1882 2769
1521 1655
1521 2769
1655 2769
81 3643
1257 3632
2438 2806
2438 3156
2438 5788
2438 1650
2806 3156
2806 5788
2806 1650
3156 5788
3156 1650
5788 1650
3420 824
680 2510
2254 3854
2254 4372
3854 4372
4591 6132
207 783
529 3060
529 3206
529 880
3060 3206
3060 880
3206 880
950 1147
950 1814
950 1427
950 351
950 3561
950 829
950 237
950 4444
950 4638
950 4928
950 6012
1147 1814
1147 1427
1147 351
1147 3561
1147 829
1147 237
1147 4444
1147 4638
1147 4928
1147 6012
1814 1427
1814 351
1814 3561
1814 829
1814 237
1814 4444
1814 4638
1814 4928
1814 6012
1427 351
1427 3561
1427 829
1427 237
1427 4444
1427 4638
1427 4928
1427 6012
351 3561
351 829
351 237
351 4444
351 4638
351 4928
351 6012
3561 829
3561 237
3561 4444
3561 4638
3561 4928
3561 6012
829 237
829 4444
829 4638
829 4928
829 6012
237 4444
237 4638
237 4928
237 6012
4444 4638
4444 4928
4444 6012
4638 4928
4638 6012
4928 6012
2492 4438
2492 5913
2492 3986
4438 5913
4438 3986
5913 3986
1213 1505
1213 385
1213 1584
1213 5757
1505 385
1505 1584
1505 5757
385 1584
385 5757
1584 5757
1583 1771
1583 2092
1583 490
1583 6058
1771 2092
1771 490
1771 6058
2092 490
2092 6058
490 6058
1375 2556
1375 6011
1375 6303
2556 6011
2556 6303
6011 6303
1160 3139
1160 3787
3139 3787
616 1349
616 291
1349 291
2000 2850
4272 6126
682 734
682 1176
682 2226
682 1760
682 1134
682 5295
682 5923
734 1176
734 2226
734 1760
734 1134
734 5295
734 5923
1176 2226
1176 1760
1176 1134
1176 5295
1176 5923
2226 1760
2226 1134
2226 5295
2226 5923
1760 1134
1760 5295
1760 5923
1134 5295
1134 5923
5295 5923
383 1336
383 1897
383 3449
1336 1897
1336 3449
1897 3449
700 235
1806 2719
1806 2293
1806 1042
1806 263
1806 421
2719 2293
2719 1042
2719 263
2719 421
2293 1042
2293 263
2293 421
1042 263
1042 421
263 421
2019 2301
2019 4721
2019 4771
2301 4721
2301 4771
4721 4771
339 485
339 303
339 1190
339 1949
339 2968
339 3062
339 1782
339 3641
339 3851
339 912
339 4625
339 4853
339 4198
485 303
485 1190
485 1949
485 2968
485 3062
485 1782
485 3641
485 3851
485 912
485 4625
485 4853
485 4198
303 1190
303 1949
303 2968
303 3062
303 1782
303 3641
303 3851
303 912
303 4625
303 4853
303 4198
1190 1949
1190 2968
1190 3062
1190 1782
1190 3641
1190 3851
1190 912
1190 4625
1190 4853
1190 4198
1949 2968
1949 3062
1949 1782
1949 3641
1949 3851
1949 912
1949 4625
1949 4853
1949 4198
2968 3062
2968 1782
2968 3641
2968 3851
2968 912
2968 4625
2968 4853
2968 4198
3062 1782
3062 3641
3062 3851
3062 912
3062 4625
3062 4853
3062 4198
1782 3641
1782 3851
1782 912
1782 4625
1782 4853
1782 4198
3641 3851
3641 912
3641 4625
3641 4853
3641 4198
3851 912
3851 4625
3851 4853
3851 4198
912 4625
912 4853
912 4198
4625 4853
4625 4198
4853 4198
1833 5707
11 656
11 1487
11 2620
11 5285
11 5388
11 3346
656 1487
656 2620
656 5285
656 5388
656 3346
1487 2620
1487 5285
1487 5388
1487 3346
2620 5285
2620 5388
2620 3346
5285 5388
5285 3346
5388 3346
2522 3351
2522 4313
3351 4313
777 855
777 2560
777 2698
777 96
777 3706
777 4316
777 2735
777 5785
855 2560
855 2698
855 96
855 3706
855 4316
855 2735
855 5785
2560 2698
2560 96
2560 3706
2560 4316
2560 2735
2560 5785
2698 96
2698 3706
2698 4316
2698 2735
2698 5785
96 3706
96 4316
96 2735
96 5785
3706 4316
3706 2735
3706 5785
4316 2735
4316 5785
2735 5785
1480 4627
703 1086
2415 908
2415 1160
2415 497
2415 4608
2415 2712
2415 3168
2415 1986
908 1160
908 497
908 4608
908 2712
908 3168
908 1986
1160 497
1160 4608
1160 2712
1160 3168
1160 1986
497 4608
497 2712
497 3168
497 1986
4608 2712
4608 3168
4608 1986
2712 3168
2712 1986
3168 1986
267 2571
267 3063
267 191
267 2169
267 0
267 1046
267 4444
267 6350
267 2422
2571 3063
2571 191
2571 2169
2571 0
2571 1046
2571 4444
2571 6350
2571 2422
3063 191
3063 2169
3063 0
3063 1046
3063 4444
3063 6350
3063 2422
191 2169
191 0
191 1046
191 4444
191 6350
191 2422
2169 0
2169 1046
2169 4444
2169 6350
2169 2422
0 1046
0 4444
0 6350
0 2422
1046 4444
1046 6350
1046 2422
4444 6350
4444 2422
6350 2422
2252 3204
2252 699
2252 4158
2252 4234
3204 699
3204 4158
3204 4234
699 4158
699 4234
4158 4234
2844 6017
2135 5383
321 418
321 2032
321 315
321 3503
321 520
321 3831
321 4037
321 4383
321 5241
321 5756
321 5877
321 2996
418 2032
418 315
418 3503
418 520
418 3831
418 4037
418 4383
418 5241
418 5756
418 5877
418 2996
2032 315
2032 3503
2032 520
2032 3831
2032 4037
2032 4383
2032 5241
2032 5756
2032 5877
2032 2996
315 3503
315 520
315 3831
315 4037
315 4383
315 5241
315 5756
315 5877
315 2996
3503 520
3503 3831
3503 4037
3503 4383
3503 5241
3503 5756
3503 5877
3503 2996
520 3831
520 4037
520 4383
520 5241
520 5756
520 5877
520 2996
3831 4037
3831 4383
3831 5241
3831 5756
3831 5877
3831 2996
4037 4383
4037 5241
4037 5756
4037 5877
4037 2996
4383 5241
4383 5756
4383 5877
4383 2996
5241 5756
5241 5877
5241 2996
5756 5877
5756 2996
5877 2996
603 2712
1461 4739
3024 926
5686 5747
2382 5558
3249 5119
1526 2835
1526 81
2835 81
1578 2370
3545 937
2367 868
2367 4612
2367 568
2367 5896
2367 5919
868 4612
868 568
868 5896
868 5919
4612 568
4612 5896
4612 5919
568 5896
568 5919
5896 5919
5150 691
1300 875
4833 1804
4221 5044
1290 1236
1290 4394
1290 1155
1290 6159
1236 4394
1236 1155
1236 6159
4394 1155
4394 6159
1155 6159
1062 2118
1062 2350
1062 2577
1062 3974
1062 4381
1062 4829
1062 2476
2118 2350
2118 2577
2118 3974
2118 4381
2118 4829
2118 2476
2350 2577
2350 3974
2350 4381
2350 4829
2350 2476
2577 3974
2577 4381
2577 4829
2577 2476
3974 4381
3974 4829
3974 2476
4381 4829
4381 2476
4829 2476
1934 2525
1934 2621
1934 4019
1934 525
1934 5536
1934 242
1934 1528
2525 2621
2525 4019
2525 525
2525 5536
2525 242
2525 1528
2621 4019
2621 525
2621 5536
2621 242
2621 1528
4019 525
4019 5536
4019 242
4019 1528
525 5536
525 242
525 1528
5536 242
5536 1528
242 1528
1004 1793
516 1751
516 2094
516 4031
516 2391
516 5188
516 143
516 1138
1751 2094
1751 4031
1751 2391
1751 5188
1751 143
1751 1138
2094 4031
2094 2391
2094 5188
2094 143
2094 1138
4031 2391
4031 5188
4031 143
4031 1138
2391 5188
2391 143
2391 1138
5188 143
5188 1138
143 1138
443 2850
443 3300
2850 3300
880 2422
1797 443
1797 4412
1797 5496
443 4412
443 5496
4412 5496
2536 3289
19 5430
423 14
1804 2411
2010 3431
2010 4840
2010 5555
2010 970
3431 4840
3431 5555
3431 970
4840 5555
4840 970
5555 970
586 1516
586 4841
586 5632
1516 4841
1516 5632
4841 5632
1802 2859
4395 1020
607 715
607 606
715 606
411 4908
697 5247
876 593
3881 4542
3881 4577
4542 4577
982 3959
297 5869
332 443
332 5976
332 6024
443 5976
443 6024
5976 6024
2321 2426
2321 5907
2426 5907
1818 3209
1818 1822
3209 1822
4229 5838
1553 1445
1553 4632
1553 5704
1445 4632
1445 5704
4632 5704
853 1793
853 6352
1793 6352
2820 3662
667 1035
667 2938
667 2952
667 212
667 1217
667 569
667 5582
667 5911
1035 2938
1035 2952
1035 212
1035 1217
1035 569
1035 5582
1035 5911
2938 2952
2938 212
2938 1217
2938 569
2938 5582
2938 5911
2952 212
2952 1217
2952 569
2952 5582
2952 5911
212 1217
212 569
212 5582
212 5911
1217 569
1217 5582
1217 5911
569 5582
569 5911
5582 5911
3282 3844
3282 402
3844 402
973 1895
973 2419
973 1212
973 2881
973 4302
973 407
973 812
1895 2419
1895 1212
1895 2881
1895 4302
1895 407
1895 812
2419 1212
2419 2881
2419 4302
2419 407
2419 812
1212 2881
1212 4302
1212 407
1212 812
2881 4302
2881 407
2881 812
4302 407
4302 812
407 812
62 1577
62 52
62 4199
1577 52
1577 4199
52 4199
233 1045
233 6203
1045 6203
247 1218
247 4173
247 2422
1218 4173
1218 2422
4173 2422
4210 4644
897 2021
1622 746
1622 2471
746 2471
1329 3562
1329 3840
3562 3840
3657 5711
3657 1632
3657 2714
3657 3404
5711 1632
5711 2714
5711 3404
1632 2714
1632 3404
2714 3404
6056 198
1826 4968
1826 5156
4968 5156
12 829
205 1614
205 1685
205 2792
205 399
205 1762
205 5116
205 5210
205 5620
205 5904
205 83
1614 1685
1614 2792
1614 399
1614 1762
1614 5116
1614 5210
1614 5620
1614 5904
1614 83
1685 2792
1685 399
1685 1762
1685 5116
1685 5210
1685 5620
1685 5904
1685 83
2792 399
2792 1762
2792 5116
2792 5210
2792 5620
2792 5904
2792 83
399 1762
399 5116
399 5210
399 5620
399 5904
399 83
1762 5116
1762 5210
1762 5620
1762 5904
1762 83
5116 5210
5116 5620
5116 5904
5116 83
5210 5620
5210 5904
5210 83
5620 5904
5620 83
5904 83
354 1730
354 815
354 4665
1730 815
1730 4665
815 4665
781 3342
781 4665
781 550
3342 4665
3342 550
4665 550
525 2661
173 3780
173 1701
173 1217
3780 1701
3780 1217
1701 1217
2174 3003
2174 3470
2174 550
2174 720
3003 3470
3003 550
3003 720
3470 550
3470 720
550 720
307 2460
307 768
2460 768
2576 1947
2312 2946
2312 3033
2312 3369
2312 1260
2946 3033
2946 3369
2946 1260
3033 3369
3033 1260
3369 1260
303 1495
1531 4773
7 89
7 140
7 500
7 995
7 1196
7 1234
7 572
7 2016
7 419
7 2264
7 2463
7 2508
7 423
7 2657
7 127
7 1212
7 3232
7 3994
7 4259
7 4597
7 3421
7 4796
7 4892
7 5489
7 5559
7 5697
7 1912
7 5935
7 6069
7 6090
7 6206
7 1001
7 6286
89 140
89 500
89 995
89 1196
89 1234
89 572
89 2016
89 419
89 2264
89 2463
89 2508
89 423
89 2657
89 127
89 1212
89 3232
89 3994
89 4259
89 4597
89 3421
89 4796
89 4892
89 5489
89 5559
89 5697
89 1912
89 5935
89 6069
89 6090
89 6206
89 1001
89 6286
140 500
140 995
140 1196
140 1234
140 572
140 2016
140 419
140 2264
140 2463
140 2508
140 423
140 2657
140 127
140 1212
140 3232
140 3994
140 4259
140 4597
140 3421
140 4796
140 4892
140 5489
140 5559
140 5697
140 1912
140 5935
140 6069
140 6090
140 6206
140 1001
140 6286
500 995
500 1196
500 1234
500 572
500 2016
500 419
500 2264
500 2463
500 2508
500 423
500 2657
500 127
500 1212
500 3232
500 3994
500 4259
500 4597
500 3421
500 4796
500 4892
500 5489
500 5559
500 5697
500 1912
500 5935
500 6069
500 6090
500 6206
500 1001
500 6286
995 1196
995 1234
995 572
995 2016
995 419
995 2264
995 2463
995 2508
995 423
995 2657
995 127
995 1212
995 3232
995 3994
995 4259
995 4597
995 3421
995 4796
995 4892
995 5489
995 5559
995 5697
995 1912
995 5935
995 6069
995 6090
995 6206
995 1001
995 6286
1196 1234
1196 572
1196 2016
1196 419
1196 2264
1196 2463
1196 2508
1196 423
1196 2657
1196 127
1196 1212
1196 3232
1196 3994
1196 4259
1196 4597
1196 3421
1196 4796
1196 4892
1196 5489
1196 5559
1196 5697
1196 1912
1196 5935
1196 6069
1196 6090
1196 6206
1196 1001
1196 6286
1234 572
1234 2016
1234 419
1234 2264
1234 2463
1234 2508
1234 423
1234 2657
1234 127
1234 1212
1234 3232
1234 3994
1234 4259
1234 4597
1234 3421
1234 4796
1234 4892
1234 5489
1234 5559
1234 5697
1234 1912
1234 5935
1234 6069
1234 6090
1234 6206
1234 1001
1234 6286
572 2016
572 419
572 2264
572 2463
572 2508
572 423
572 2657
572 127
572 1212
572 3232
572 3994
572 4259
572 4597
572 3421
572 4796
572 4892
572 5489
572 5559
572 5697
572 1912
572 5935
572 6069
572 6090
572 6206
572 1001
572 6286
2016 419
2016 2264
2016 2463
2016 2508
2016 423
2016 2657
2016 127
2016 1212
2016 3232
2016 3994
2016 4259
2016 4597
2016 3421
2016 4796
2016 4892
2016 5489
2016 5559
2016 5697
2016 1912
2016 5935
2016 6069
2016 6090
2016 6206
2016 1001
2016 6286
419 2264
419 2463
419 2508
419 423
419 2657
419 127
419 1212
419 3232
419 3994
419 4259
419 4597
419 3421
419 4796
419 4892
419 5489
419 5559
419 5697
419 1912
419 5935
419 6069
419 6090
419 6206
419 1001
419 6286
2264 2463
2264 2508
2264 423
2264 2657
2264 127
2264 1212
2264 3232
2264 3994
2264 4259
2264 4597
2264 3421
2264 4796
2264 4892
2264 5489
2264 5559
2264 5697
2264 1912
2264 5935
2264 6069
2264 6090
2264 6206
2264 1001
2264 6286
2463 2508
2463 423
2463 2657
2463 127
2463 1212
2463 3232
2463 3994
2463 4259
2463 4597
2463 3421
2463 4796
2463 4892
2463 5489
2463 5559
2463 5697
2463 1912
2463 5935
2463 6069
2463 6090
2463 6206
2463 1001
2463 6286
2508 423
2508 2657
2508 127
2508 1212
2508 3232
2508 3994
2508 4259
2508 4597
2508 3421
2508 4796
2508 4892
2508 5489
2508 5559
2508 5697
2508 1912
2508 5935
2508 6069
2508 6090
2508 6206
2508 1001
2508 6286
423 2657
423 127
423 1212
423 3232
423 3994
423 4259
423 4597
423 3421
423 4796
423 4892
423 5489
423 5559
423 5697
423 1912
423 5935
423 6069
423 6090
423 6206
423 1001
423 6286
2657 127
2657 1212
2657 3232
2657 3994
2657 4259
2657 4597
2657 3421
2657 4796
2657 4892
2657 5489
2657 5559
2657 5697
2657 1912
2657 5935
2657 6069
2657 6090
2657 6206
2657 1001
2657 6286
127 1212
127 3232
127 3994
127 4259
127 4597
127 3421
127 4796
127 4892
127 5489
127 5559
127 5697
127 1912
127 5935
127 6069
127 6090
127 6206
127 1001
127 6286
1212 3232
1212 3994
1212 4259
1212 4597
1212 3421
1212 4796
1212 4892
1212 5489
1212 5559
1212 5697
1212 1912
1212 5935
1212 6069
1212 6090
1212 6206
1212 1001
1212 6286
3232 3994
3232 4259
3232 4597
3232 3421
3232 4796
3232 4892
3232 5489
3232 5559
3232 5697
3232 1912
3232 5935
3232 6069
3232 6090
3232 6206
3232 1001
3232 6286
3994 4259
3994 4597
3994 3421
3994 4796
3994 4892
3994 5489
3994 5559
3994 5697
3994 1912
3994 5935
3994 6069
3994 6090
3994 6206
3994 1001
3994 6286
4259 4597
4259 3421
4259 4796
4259 4892
4259 5489
4259 5559
4259 5697
4259 1912
4259 5935
4259 6069
4259 6090
4259 6206
4259 1001
4259 6286
4597 3421
4597 4796
4597 4892
4597 5489
4597 5559
4597 5697
4597 1912
4597 5935
4597 6069
4597 6090
4597 6206
4597 1001
4597 6286
3421 4796
3421 4892
3421 5489
3421 5559
3421 5697
3421 1912
3421 5935
3421 6069
3421 6090
3421 6206
3421 1001
3421 6286
4796 4892
4796 5489
4796 5559
4796 5697
4796 1912
4796 5935
4796 6069
4796 6090
4796 6206
4796 1001
4796 6286
4892 5489
4892 5559
4892 5697
4892 1912
4892 5935
4892 6069
4892 6090
4892 6206
4892 1001
4892 6286
5489 5559
5489 5697
5489 1912
5489 5935
5489 6069
5489 6090
5489 6206
5489 1001
5489 6286
5559 5697
5559 1912
5559 5935
5559 6069
5559 6090
5559 6206
5559 1001
5559 6286
5697 1912
5697 5935
5697 6069
5697 6090
5697 6206
5697 1001
5697 6286
1912 5935
1912 6069
1912 6090
1912 6206
1912 1001
1912 6286
5935 6069
5935 6090
5935 6206
5935 1001
5935 6286
6069 6090
6069 6206
6069 1001
6069 6286
6090 6206
6090 1001
6090 6286
6206 1001
6206 6286
1001 6286
345 2253
345 3491
345 6168
2253 3491
2253 6168
3491 6168
1104 2799
1104 4432
1104 1034
1104 1403
2799 4432
2799 1034
2799 1403
4432 1034
4432 1403
1034 1403
469 4807
1407 2060
831 1020
93 103
93 1269
93 1775
93 2100
93 2145
93 2263
93 3456
93 3517
93 2648
93 3740
93 859
93 285
93 5974
93 1618
103 1269
103 1775
103 2100
103 2145
103 2263
103 3456
103 3517
103 2648
103 3740
103 859
103 285
103 5974
103 1618
1269 1775
1269 2100
1269 2145
1269 2263
1269 3456
1269 3517
1269 2648
1269 3740
1269 859
1269 285
1269 5974
1269 1618
1775 2100
1775 2145
1775 2263
1775 3456
1775 3517
1775 2648
1775 3740
1775 859
1775 285
1775 5974
1775 1618
2100 2145
2100 2263
2100 3456
2100 3517
2100 2648
2100 3740
2100 859
2100 285
2100 5974
2100 1618
2145 2263
2145 3456
2145 3517
2145 2648
2145 3740
2145 859
2145 285
2145 5974
2145 1618
2263 3456
2263 3517
2263 2648
2263 3740
2263 859
2263 285
2263 5974
2263 1618
3456 3517
3456 2648
3456 3740
3456 859
3456 285
3456 5974
3456 1618
3517 2648
3517 3740
3517 859
3517 285
3517 5974
3517 1618
2648 3740
2648 859
2648 285
2648 5974
2648 1618
3740 859
3740 285
3740 5974
3740 1618
859 285
859 5974
859 1618
285 5974
285 1618
5974 1618
223 926
223 0
223 835
223 3741
223 5025
223 5557
223 6276
926 0
926 835
926 3741
926 5025
926 5557
926 6276
0 835
0 3741
0 5025
0 5557
0 6276
835 3741
835 5025
835 5557
835 6276
3741 5025
3741 5557
3741 6276
5025 5557
5025 6276
5557 6276
1666 4204
1004 99
143 1126
143 247
143 4170
143 1075
143 1479
1126 247
1126 4170
1126 1075
1126 1479
247 4170
247 1075
247 1479
4170 1075
4170 1479
1075 1479
1308 3726
1308 4430
1308 1614
3726 4430
3726 1614
4430 1614
148 412
148 3419
148 1004
412 3419
412 1004
3419 1004
62 2378
4638 2691
550 4282
550 4885
4282 4885
650 1282
28 3268
28 705
28 5631
3268 705
3268 5631
705 5631
784 366
784 2079
366 2079
4358 4719
3389 2996
758 3353
2582 3981
218 2121
218 2159
218 1540
218 4989
218 5768
218 6388
218 6389
2121 2159
2121 1540
2121 4989
2121 5768
2121 6388
2121 6389
2159 1540
2159 4989
2159 5768
2159 6388
2159 6389
1540 4989
1540 5768
1540 6388
1540 6389
4989 5768
4989 6388
4989 6389
5768 6388
5768 6389
6388 6389
1822 1559
1822 2803
1559 2803
351 3688
351 4518
351 5031
351 5060
351 632
3688 4518
3688 5031
3688 5060
3688 632
4518 5031
4518 5060
4518 632
5031 5060
5031 632
5060 632
1171 3038
1171 3072
3038 3072
1475 2476
1475 4185
1475 4202
1475 2256
2476 4185
2476 4202
2476 2256
4185 4202
4185 2256
4202 2256
80 764
3665 4128
3665 4249
3665 2916
4128 4249
4128 2916
4249 2916
683 1305
683 842
683 4101
1305 842
1305 4101
842 4101
1575 2911
2557 3712
2557 3023
3712 3023
438 2097
1570 127
1570 2801
127 2801
2501 3086
2501 5374
2501 5488
3086 5374
3086 5488
5374 5488
3706 4135
1454 4267
1454 453
1454 4881
1454 1301
1454 6213
4267 453
4267 4881
4267 1301
4267 6213
453 4881
453 1301
453 6213
4881 1301
4881 6213
1301 6213
1188 3601
1188 583
3601 583
385 199
1148 6059
1468 4909
2600 2686
2600 1027
2600 3899
2600 2220
2600 5733
2686 1027
2686 3899
2686 2220
2686 5733
1027 3899
1027 2220
1027 5733
3899 2220
3899 5733
2220 5733
640 4868
2810 2978
2810 4146
2810 5018
2978 4146
2978 5018
4146 5018
1905 263
1905 3198
1905 4366
1905 323
1905 5025
1905 2173
263 3198
263 4366
263 323
263 5025
263 2173
3198 4366
3198 323
3198 5025
3198 2173
4366 323
4366 5025
4366 2173
323 5025
323 2173
5025 2173
1092 1310
1092 4754
1092 5839
1092 5855
1092 6282
1092 6283
1310 4754
1310 5839
1310 5855
1310 6282
1310 6283
4754 5839
4754 5855
4754 6282
4754 6283
5839 5855
5839 6282
5839 6283
5855 6282
5855 6283
6282 6283
1202 5494
1282 1641
1282 2482
1282 1870
1282 5560
1282 117
1282 1840
1282 6232
1641 2482
1641 1870
1641 5560
1641 117
1641 1840
1641 6232
2482 1870
2482 5560
2482 117
2482 1840
2482 6232
1870 5560
1870 117
1870 1840
1870 6232
5560 117
5560 1840
5560 6232
117 1840
117 6232
1840 6232
641 686
641 326
641 1726
641 2053
641 3597
641 783
641 2812
641 3791
641 4627
641 1439
641 6212
686 326
686 1726
686 2053
686 3597
686 783
686 2812
686 3791
686 4627
686 1439
686 6212
326 1726
326 2053
326 3597
326 783
326 2812
326 3791
326 4627
326 1439
326 6212
1726 2053
1726 3597
1726 783
1726 2812
1726 3791
1726 4627
1726 1439
1726 6212
2053 3597
2053 783
2053 2812
2053 3791
2053 4627
2053 1439
2053 6212
3597 783
3597 2812
3597 3791
3597 4627
3597 1439
3597 6212
783 2812
783 3791
783 4627
783 1439
783 6212
2812 3791
2812 4627
2812 1439
2812 6212
3791 4627
3791 1439
3791 6212
4627 1439
4627 6212
1439 6212
2889 6218
2889 6251
6218 6251
906 2422
176 3955
176 5110
176 5135
3955 5110
3955 5135
5110 5135
536 1849
536 2126
536 2526
536 2614
536 3609
1849 2126
1849 2526
1849 2614
1849 3609
2126 2526
2126 2614
2126 3609
2526 2614
2526 3609
2614 3609
1584 2370
47 1052
47 1241
47 2595
47 1386
47 1055
47 760
47 1276
47 1145
47 291
1052 1241
1052 2595
1052 1386
1052 1055
1052 760
1052 1276
1052 1145
1052 291
1241 2595
1241 1386
1241 1055
1241 760
1241 1276
1241 1145
1241 291
2595 1386
2595 1055
2595 760
2595 1276
2595 1145
2595 291
1386 1055
1386 760
1386 1276
1386 1145
1386 291
1055 760
1055 1276
1055 1145
1055 291
760 1276
760 1145
760 291
1276 1145
1276 291
1145 291
4183 246
4345 418
1614 247
482 2256
482 1774
482 570
482 272
482 2707
482 5713
2256 1774
2256 570
2256 272
2256 2707
2256 5713
1774 570
1774 272
1774 2707
1774 5713
570 272
570 2707
570 5713
272 2707
272 5713
2707 5713
4573 1821
231 1710
231 69
231 1830
231 6106
1710 69
1710 1830
1710 6106
69 1830
69 6106
1830 6106
945 1425
945 1430
945 1217
945 5918
945 5958
945 3830
945 6087
1425 1430
1425 1217
1425 5918
1425 5958
1425 3830
1425 6087
1430 1217
1430 5918
1430 5958
1430 3830
1430 6087
1217 5918
1217 5958
1217 3830
1217 6087
5918 5958
5918 3830
5918 6087
5958 3830
5958 6087
3830 6087
1609 1965
1609 945
1609 4134
1609 4775
1965 945
1965 4134
1965 4775
945 4134
945 4775
4134 4775
3099 3339
3099 4061
3099 1273
3339 4061
3339 1273
4061 1273
1115 1183
2076 4002
1422 3679
1422 3880
1422 4373
3679 3880
3679 4373
3880 4373
716 412
716 364
716 4257
716 5024
412 364
412 4257
412 5024
364 4257
364 5024
4257 5024
2355 2386
760 5214
2872 634
2872 4070
634 4070
2272 2566
2272 3035
2272 3302
2272 1864
2272 4426
2272 502
2272 5865
2272 525
2272 753
2566 3035
2566 3302
2566 1864
2566 4426
2566 502
2566 5865
2566 525
2566 753
3035 3302
3035 1864
3035 4426
3035 502
3035 5865
3035 525
3035 753
3302 1864
3302 4426
3302 502
3302 5865
3302 525
3302 753
1864 4426
1864 502
1864 5865
1864 525
1864 753
4426 502
4426 5865
4426 525
4426 753
502 5865
502 525
502 753
5865 525
5865 753
525 753
1659 2124
1659 3090
1659 372
1659 3319
1659 758
2124 3090
2124 372
2124 3319
2124 758
3090 372
3090 3319
3090 758
372 3319
372 758
3319 758
2707 1157
2707 5701
1157 5701
1898 2292
1898 3326
1898 2441
1898 906
1898 6314
2292 3326
2292 2441
2292 906
2292 6314
3326 2441
3326 906
3326 6314
2441 906
2441 6314
906 6314
1593 1674
1593 2518
1593 2504
1593 912
1674 2518
1674 2504
1674 912
2518 2504
2518 912
2504 912
483 1598
483 169
483 3318
483 3770
483 1991
483 4153
483 4497
483 3160
483 4121
483 5168
1598 169
1598 3318
1598 3770
1598 1991
1598 4153
1598 4497
1598 3160
1598 4121
1598 5168
169 3318
169 3770
169 1991
169 4153
169 4497
169 3160
169 4121
169 5168
3318 3770
3318 1991
3318 4153
3318 4497
3318 3160
3318 4121
3318 5168
3770 1991
3770 4153
3770 4497
3770 3160
3770 4121
3770 5168
1991 4153
1991 4497
1991 3160
1991 4121
1991 5168
4153 4497
4153 3160
4153 4121
4153 5168
4497 3160
4497 4121
4497 5168
3160 4121
3160 5168
4121 5168
330 1887
330 515
330 5254
1887 515
1887 5254
515 5254
4399 6080
399 1541
399 743
1541 743
3846 4849
3846 6198
3846 1955
4849 6198
4849 1955
6198 1955
3408 4485
3408 5098
4485 5098
745 286
745 1002
286 1002
3789 4650
3789 5843
4650 5843
1524 3596
1524 4375
3596 4375
180 1297
180 2134
180 2626
180 109
180 12
1297 2134
1297 2626
1297 109
1297 12
2134 2626
2134 109
2134 12
2626 109
2626 12
109 12
6 721
6 3466
6 5072
6 4515
721 3466
721 5072
721 4515
3466 5072
3466 4515
5072 4515
2661 4722
2661 4824
2661 6148
2661 2139
4722 4824
4722 6148
4722 2139
4824 6148
4824 2139
6148 2139
205 5172
2629 4091
2158 4104
2158 259
4104 259
18 4691
2539 3338
2539 586
3338 586
2664 4956
2664 3662
4956 3662
497 2493
497 4315
497 5517
2493 4315
2493 5517
4315 5517
1508 1859
1508 2599
1508 3199
1859 2599
1859 3199
2599 3199
3387 5814
590 3586
938 453
69 493
3075 1301
585 4566
585 6243
4566 6243
273 705
273 220
705 220
2662 2672
2662 2803
2662 2848
2672 2803
2672 2848
2803 2848
2429 5652
1596 2939
1596 3471
1596 372
2939 3471
2939 372
3471 372
2815 3853
2815 4231
3853 4231
971 3591
971 4526
3591 4526
291 5472
2228 4700
443 4463
443 5091
443 5163
4463 5091
4463 5163
5091 5163
3981 1081
322 3010
322 4864
322 3921
322 255
322 6196
3010 4864
3010 3921
3010 255
3010 6196
4864 3921
4864 255
4864 6196
3921 255
3921 6196
255 6196
724 1149
724 1867
724 3079
724 3727
724 4590
1149 1867
1149 3079
1149 3727
1149 4590
1867 3079
1867 3727
1867 4590
3079 3727
3079 4590
3727 4590
27 1036
2544 2925
5645 1147
1807 2901
1807 4169
1807 4385
1807 4926
2901 4169
2901 4385
2901 4926
4169 4385
4169 4926
4385 4926
2314 3693
1915 1989
1915 3620
1915 5384
1989 3620
1989 5384
3620 5384
421 923
421 2299
421 3037
421 3179
421 3208
421 4559
421 838
421 5260
421 5432
421 5644
421 5749
923 2299
923 3037
923 3179
923 3208
923 4559
923 838
923 5260
923 5432
923 5644
923 5749
2299 3037
2299 3179
2299 3208
2299 4559
2299 838
2299 5260
2299 5432
2299 5644
2299 5749
3037 3179
3037 3208
3037 4559
3037 838
3037 5260
3037 5432
3037 5644
3037 5749
3179 3208
3179 4559
3179 838
3179 5260
3179 5432
3179 5644
3179 5749
3208 4559
3208 838
3208 5260
3208 5432
3208 5644
3208 5749
4559 838
4559 5260
4559 5432
4559 5644
4559 5749
838 5260
838 5432
838 5644
838 5749
5260 5432
5260 5644
5260 5749
5432 5644
5432 5749
5644 5749
1075 5123
1007 144
558 1400
558 1551
558 1689
558 1769
558 1991
558 1160
558 2699
558 2936
558 4017
558 5402
558 1359
558 4119
558 6277
1400 1551
1400 1689
1400 1769
1400 1991
1400 1160
1400 2699
1400 2936
1400 4017
1400 5402
1400 1359
1400 4119
1400 6277
1551 1689
1551 1769
1551 1991
1551 1160
1551 2699
1551 2936
1551 4017
1551 5402
1551 1359
1551 4119
1551 6277
1689 1769
1689 1991
1689 1160
1689 2699
1689 2936
1689 4017
1689 5402
1689 1359
1689 4119
1689 6277
1769 1991
1769 1160
1769 2699
1769 2936
1769 4017
1769 5402
1769 1359
1769 4119
1769 6277
1991 1160
1991 2699
1991 2936
1991 4017
1991 5402
1991 1359
1991 4119
1991 6277
1160 2699
1160 2936
1160 4017
1160 5402
1160 1359
1160 4119
1160 6277
2699 2936
2699 4017
2699 5402
2699 1359
2699 4119
2699 6277
2936 4017
2936 5402
2936 1359
2936 4119
2936 6277
4017 5402
4017 1359
4017 4119
4017 6277
5402 1359
5402 4119
5402 6277
1359 4119
1359 6277
4119 6277
2171 3736
2171 83
3736 83
1032 3472
3776 4202
3675 2913
3293 3436
3293 3936
3293 4532
3293 286
3436 3936
3436 4532
3436 286
3936 4532
3936 286
4532 286
100 2244
100 1276
100 4809
100 4086
2244 1276
2244 4809
2244 4086
1276 4809
1276 4086
4809 4086
1306 5571
4090 6266
359 1197
359 263
1197 263
405 1621
154 93
154 4136
154 5781
93 4136
93 5781
4136 5781
757 1944
1382 2642
1382 6395
2642 6395
330 2133
743 1477
743 2800
743 1559
743 3145
743 5058
743 2006
1477 2800
1477 1559
1477 3145
1477 5058
1477 2006
2800 1559
2800 3145
2800 5058
2800 2006
1559 3145
1559 5058
1559 2006
3145 5058
3145 2006
5058 2006
480 3175
3109 4524
3535 1507
3535 4916
3535 44
1507 4916
1507 44
4916 44
1471 995
1471 3220
1471 3611
995 3220
995 3611
3220 3611
654 839
654 1232
654 1756
654 2907
654 3630
654 2507
654 5223
654 2563
654 6364
839 1232
839 1756
839 2907
839 3630
839 2507
839 5223
839 2563
839 6364
1232 1756
1232 2907
1232 3630
1232 2507
1232 5223
1232 2563
1232 6364
1756 2907
1756 3630
1756 2507
1756 5223
1756 2563
1756 6364
2907 3630
2907 2507
2907 5223
2907 2563
2907 6364
3630 2507
3630 5223
3630 2563
3630 6364
2507 5223
2507 2563
2507 6364
5223 2563
5223 6364
2563 6364
767 2529
767 3973
767 4421
767 4558
2529 3973
2529 4421
2529 4558
3973 4421
3973 4558
4421 4558
1128 2080
228 4977
1169 1384
1169 1774
1169 3235
1169 4082
1169 2411
1169 6228
1384 1774
1384 3235
1384 4082
1384 2411
1384 6228
1774 3235
1774 4082
1774 2411
1774 6228
3235 4082
3235 2411
3235 6228
4082 2411
4082 6228
2411 6228
838 1027
838 1752
838 222
838 28
838 4934
838 3071
838 4435
838 5669
838 2586
838 5077
838 6248
1027 1752
1027 222
1027 28
1027 4934
1027 3071
1027 4435
1027 5669
1027 2586
1027 5077
1027 6248
1752 222
1752 28
1752 4934
1752 3071
1752 4435
1752 5669
1752 2586
1752 5077
1752 6248
222 28
222 4934
222 3071
222 4435
222 5669
222 2586
222 5077
222 6248
28 4934
28 3071
28 4435
28 5669
28 2586
28 5077
28 6248
4934 3071
4934 4435
4934 5669
4934 2586
4934 5077
4934 6248
3071 4435
3071 5669
3071 2586
3071 5077
3071 6248
4435 5669
4435 2586
4435 5077
4435 6248
5669 2586
5669 5077
5669 6248
2586 5077
2586 6248
5077 6248
1454 767
1454 4729
1454 2882
767 4729
767 2882
4729 2882
1385 205
1385 2778
1385 3047
1385 3812
1385 3899
1385 3919
1385 4208
1385 3682
1385 4994
1385 5077
1385 386
1385 5806
1385 1792
1385 568
1385 6139
1385 6278
205 2778
205 3047
205 3812
205 3899
205 3919
205 4208
205 3682
205 4994
205 5077
205 386
205 5806
205 1792
205 568
205 6139
205 6278
2778 3047
2778 3812
2778 3899
2778 3919
2778 4208
2778 3682
2778 4994
2778 5077
2778 386
2778 5806
2778 1792
2778 568
2778 6139
2778 6278
3047 3812
3047 3899
3047 3919
3047 4208
3047 3682
3047 4994
3047 5077
3047 386
3047 5806
3047 1792
3047 568
3047 6139
3047 6278
3812 3899
3812 3919
3812 4208
3812 3682
3812 4994
3812 5077
3812 386
3812 5806
3812 1792
3812 568
3812 6139
3812 6278
3899 3919
3899 4208
3899 3682
3899 4994
3899 5077
3899 386
3899 5806
3899 1792
3899 568
3899 6139
3899 6278
3919 4208
3919 3682
3919 4994
3919 5077
3919 386
3919 5806
3919 1792
3919 568
3919 6139
3919 6278
4208 3682
4208 4994
4208 5077
4208 386
4208 5806
4208 1792
4208 568
4208 6139
4208 6278
3682 4994
3682 5077
3682 386
3682 5806
3682 1792
3682 568
3682 6139
3682 6278
4994 5077
4994 386
4994 5806
4994 1792
4994 568
4994 6139
4994 6278
5077 386
5077 5806
5077 1792
5077 568
5077 6139
5077 6278
386 5806
386 1792
386 568
386 6139
386 6278
5806 1792
5806 568
5806 6139
5806 6278
1792 568
1792 6139
1792 6278
568 6139
568 6278
6139 6278
1653 1809
1653 5140
1653 5622
1809 5140
1809 5622
5140 5622
509 1354
509 4871
1354 4871
18 2402
18 3868
2402 3868
407 1469
407 1790
407 3419
407 4573
407 3343
407 6376
1469 1790
1469 3419
1469 4573
1469 3343
1469 6376
1790 3419
1790 4573
1790 3343
1790 6376
3419 4573
3419 3343
3419 6376
4573 3343
4573 6376
3343 6376
1588 2474
1588 2602
1588 2628
1588 4606
1588 5672
2474 2602
2474 2628
2474 4606
2474 5672
2602 2628
2602 4606
2602 5672
2628 4606
2628 5672
4606 5672
135 2332
135 2425
135 267
2332 2425
2332 267
2425 267
120 497
120 772
120 1047
120 3002
120 3758
120 4032
120 5886
497 772
497 1047
497 3002
497 3758
497 4032
497 5886
772 1047
772 3002
772 3758
772 4032
772 5886
1047 3002
1047 3758
1047 4032
1047 5886
3002 3758
3002 4032
3002 5886
3758 4032
3758 5886
4032 5886
2637 4561
2261 4321
9 2456
9 205
9 566
9 195
9 4751
9 3995
9 0
2456 205
2456 566
2456 195
2456 4751
2456 3995
2456 0
205 566
205 195
205 4751
205 3995
205 0
566 195
566 4751
566 3995
566 0
195 4751
195 3995
195 0
4751 3995
4751 0
3995 0
1230 4276
1230 4486
1230 5088
1230 5161
1230 5926
1230 6319
1230 6336
4276 4486
4276 5088
4276 5161
4276 5926
4276 6319
4276 6336
4486 5088
4486 5161
4486 5926
4486 6319
4486 6336
5088 5161
5088 5926
5088 6319
5088 6336
5161 5926
5161 6319
5161 6336
5926 6319
5926 6336
6319 6336
3625 3701
531 639
531 2869
531 4973
531 176
639 2869
639 4973
639 176
2869 4973
2869 176
4973 176
160 2758
3271 4942
2453 5139
1437 2173
1437 2202
1437 152
1437 5423
1437 5842
2173 2202
2173 152
2173 5423
2173 5842
2202 152
2202 5423
2202 5842
152 5423
152 5842
5423 5842
846 5628
846 5714
5628 5714
530 1450
530 2115
530 3153
530 909
530 5087
1450 2115
1450 3153
1450 909
1450 5087
2115 3153
2115 909
2115 5087
3153 909
3153 5087
909 5087
726 4212
815 3838
815 470
815 4963
3838 470
3838 4963
470 4963
2832 933
2832 4406
2832 5702
2832 4102
933 4406
933 5702
933 4102
4406 5702
4406 4102
5702 4102
1526 5380
1855 586
1855 3357
1855 5104
586 3357
586 5104
3357 5104
2760 2893
2760 3474
2760 4254
2760 587
2893 3474
2893 4254
2893 587
3474 4254
3474 587
4254 587
280 522
280 1139
280 127
280 106
280 2255
280 2408
280 2858
280 3145
280 3208
280 180
280 57
280 1716
280 1593
280 3865
280 3914
280 4009
280 4205
280 4247
280 4284
280 2034
280 4477
280 3283
280 4930
280 5170
280 5233
280 5287
280 5321
280 5322
280 5466
280 5615
280 5692
280 257
280 5934
280 6064
280 6269
280 6301
522 1139
522 127
522 106
522 2255
522 2408
522 2858
522 3145
522 3208
522 180
522 57
522 1716
522 1593
522 3865
522 3914
522 4009
522 4205
522 4247
522 4284
522 2034
522 4477
522 3283
522 4930
522 5170
522 5233
522 5287
522 5321
522 5322
522 5466
522 5615
522 5692
522 257
522 5934
522 6064
522 6269
522 6301
1139 127
1139 106
1139 2255
1139 2408
1139 2858
1139 3145
1139 3208
1139 180
1139 57
1139 1716
1139 1593
1139 3865
1139 3914
1139 4009
1139 4205
1139 4247
1139 4284
1139 2034
1139 4477
1139 3283
1139 4930
1139 5170
1139 5233
1139 5287
1139 5321
1139 5322
1139 5466
1139 5615
1139 5692
1139 257
1139 5934
1139 6064
1139 6269
1139 6301
127 106
127 2255
127 2408
127 2858
127 3145
127 3208
127 180
127 57
127 1716
127 1593
127 3865
127 3914
127 4009
127 4205
127 4247
127 4284
127 2034
127 4477
127 3283
127 4930
127 5170
127 5233
127 5287
127 5321
127 5322
127 5466
127 5615
127 5692
127 257
127 5934
127 6064
127 6269
127 6301
106 2255
106 2408
106 2858
106 3145
106 3208
106 180
106 57
106 1716
106 1593
106 3865
106 3914
106 4009
106 4205
106 4247
106 4284
106 2034
106 4477
106 3283
106 4930
106 5170
106 5233
106 5287
106 5321
106 5322
106 5466
106 5615
106 5692
106 257
106 5934
106 6064
106 6269
106 6301
2255 2408
2255 2858
2255 3145
2255 3208
2255 180
2255 57
2255 1716
2255 1593
2255 3865
2255 3914
2255 4009
2255 4205
2255 4247
2255 4284
2255 2034
2255 4477
2255 3283
2255 4930
2255 5170
2255 5233
2255 5287
2255 5321
2255 5322
2255 5466
2255 5615
2255 5692
2255 257
2255 5934
2255 6064
2255 6269
2255 6301
2408 2858
2408 3145
2408 3208
2408 180
2408 57
2408 1716
2408 1593
2408 3865
2408 3914
2408 4009
2408 4205
2408 4247
2408 4284
2408 2034
2408 4477
2408 3283
2408 4930
2408 5170
2408 5233
2408 5287
2408 5321
2408 5322
2408 5466
2408 5615
2408 5692
2408 257
2408 5934
2408 6064
2408 6269
2408 6301
2858 3145
2858 3208
2858 180
2858 57
2858 1716
2858 1593
2858 3865
2858 3914
2858 4009
2858 4205
2858 4247
2858 4284
2858 2034
2858 4477
2858 3283
2858 4930
2858 5170
2858 5233
2858 5287
2858 5321
2858 5322
2858 5466
2858 5615
2858 5692
2858 257
2858 5934
2858 6064
2858 6269
2858 6301
3145 3208
3145 180
3145 57
3145 1716
3145 1593
3145 3865
3145 3914
3145 4009
3145 4205
3145 4247
3145 4284
3145 2034
3145 4477
3145 3283
3145 4930
3145 5170
3145 5233
3145 5287
3145 5321
3145 5322
3145 5466
3145 5615
3145 5692
3145 257
3145 5934
3145 6064
3145 6269
3145 6301
3208 180
3208 57
3208 1716
3208 1593
3208 3865
3208 3914
3208 4009
3208 4205
3208 4247
3208 4284
3208 2034
3208 4477
3208 3283
3208 4930
3208 5170
3208 5233
3208 5287
3208 5321
3208 5322
3208 5466
3208 5615
3208 5692
3208 257
3208 5934
3208 6064
3208 6269
3208 6301
180 57
180 1716
180 1593
180 3865
180 3914
180 4009
180 4205
180 4247
180 4284
180 2034
180 4477
180 3283
180 4930
180 5170
180 5233
180 5287
180 5321
180 5322
180 5466
180 5615
180 5692
180 257
180 5934
180 6064
180 6269
180 6301
57 1716
57 1593
57 3865
57 3914
57 4009
57 4205
57 4247
57 4284
57 2034
57 4477
57 3283
57 4930
57 5170
57 5233
57 5287
57 5321
57 5322
57 5466
57 5615
57 5692
57 257
57 5934
57 6064
57 6269
57 6301
1716 1593
1716 3865
1716 3914
1716 4009
1716 4205
1716 4247
1716 4284
1716 2034
1716 4477
1716 3283
1716 4930
1716 5170
1716 5233
1716 5287
1716 5321
1716 5322
1716 5466
1716 5615
1716 5692
1716 257
1716 5934
1716 6064
1716 6269
1716 6301
1593 3865
1593 3914
1593 4009
1593 4205
1593 4247
1593 4284
1593 2034
1593 4477
1593 3283
1593 4930
1593 5170
1593 5233
1593 5287
1593 5321
1593 5322
1593 5466
1593 5615
1593 5692
1593 257
1593 5934
1593 6064
1593 6269
1593 6301
3865 3914
3865 4009
3865 4205
3865 4247
3865 4284
3865 2034
3865 4477
3865 3283
3865 4930
3865 5170
3865 5233
3865 5287
3865 5321
3865 5322
3865 5466
3865 5615
3865 5692
3865 257
3865 5934
3865 6064
3865 6269
3865 6301
3914 4009
3914 4205
3914 4247
3914 4284
3914 2034
3914 4477
3914 3283
3914 4930
3914 5170
3914 5233
3914 5287
3914 5321
3914 5322
3914 5466
3914 5615
3914 5692
3914 257
3914 5934
3914 6064
3914 6269
3914 6301
4009 4205
4009 4247
4009 4284
4009 2034
4009 4477
4009 3283
4009 4930
4009 5170
4009 5233
4009 5287
4009 5321
4009 5322
4009 5466
4009 5615
4009 5692
4009 257
4009 5934
4009 6064
4009 6269
4009 6301
4205 4247
4205 4284
4205 2034
4205 4477
4205 3283
4205 4930
4205 5170
4205 5233
4205 5287
4205 5321
4205 5322
4205 5466
4205 5615
4205 5692
4205 257
4205 5934
4205 6064
4205 6269
4205 6301
4247 4284
4247 2034
4247 4477
4247 3283
4247 4930
4247 5170
4247 5233
4247 5287
4247 5321
4247 5322
4247 5466
4247 5615
4247 5692
4247 257
4247 5934
4247 6064
4247 6269
4247 6301
4284 2034
4284 4477
4284 3283
4284 4930
4284 5170
4284 5233
4284 5287
4284 5321
4284 5322
4284 5466
4284 5615
4284 5692
4284 257
4284 5934
4284 6064
4284 6269
4284 6301
2034 4477
2034 3283
2034 4930
2034 5170
2034 5233
2034 5287
2034 5321
2034 5322
2034 5466
2034 5615
2034 5692
2034 257
2034 5934
2034 6064
2034 6269
2034 6301
4477 3283
4477 4930
4477 5170
4477 5233
4477 5287
4477 5321
4477 5322
4477 5466
4477 5615
4477 5692
4477 257
4477 5934
4477 6064
4477 6269
4477 6301
3283 4930
3283 5170
3283 5233
3283 5287
3283 5321
3283 5322
3283 5466
3283 5615
3283 5692
3283 257
3283 5934
3283 6064
3283 6269
3283 6301
4930 5170
4930 5233
4930 5287
4930 5321
4930 5322
4930 5466
4930 5615
4930 5692
4930 257
4930 5934
4930 6064
4930 6269
4930 6301
5170 5233
5170 5287
5170 5321
5170 5322
5170 5466
5170 5615
5170 5692
5170 257
5170 5934
5170 6064
5170 6269
5170 6301
5233 5287
5233 5321
5233 5322
5233 5466
5233 5615
5233 5692
5233 257
5233 5934
5233 6064
5233 6269
5233 6301
5287 5321
5287 5322
5287 5466
5287 5615
5287 5692
5287 257
5287 5934
5287 6064
5287 6269
5287 6301
5321 5322
5321 5466
5321 5615
5321 5692
5321 257
5321 5934
5321 6064
5321 6269
5321 6301
5322 5466
5322 5615
5322 5692
5322 257
5322 5934
5322 6064
5322 6269
5322 6301
5466 5615
5466 5692
5466 257
5466 5934
5466 6064
5466 6269
5466 6301
5615 5692
5615 257
5615 5934
5615 6064
5615 6269
5615 6301
5692 257
5692 5934
5692 6064
5692 6269
5692 6301
257 5934
257 6064
257 6269
257 6301
5934 6064
5934 6269
5934 6301
6064 6269
6064 6301
6269 6301
1373 1779
1373 926
1373 3258
1373 81
1373 4333
1373 1929
1373 5192
1373 6252
1779 926
1779 3258
1779 81
1779 4333
1779 1929
1779 5192
1779 6252
926 3258
926 81
926 4333
926 1929
926 5192
926 6252
3258 81
3258 4333
3258 1929
3258 5192
3258 6252
81 4333
81 1929
81 5192
81 6252
4333 1929
4333 5192
4333 6252
1929 5192
1929 6252
5192 6252
999 2478
999 3009
999 3539
999 4082
999 4396
999 2851
2478 3009
2478 3539
2478 4082
2478 4396
2478 2851
3009 3539
3009 4082
3009 4396
3009 2851
3539 4082
3539 4396
3539 2851
4082 4396
4082 2851
4396 2851
1440 3557
1440 4882
1440 3436
3557 4882
3557 3436
4882 3436
3452 3890
34 1001
34 364
34 351
34 3731
34 5498
34 455
1001 364
1001 351
1001 3731
1001 5498
1001 455
364 351
364 3731
364 5498
364 455
351 3731
351 5498
351 455
3731 5498
3731 455
5498 455
525 4777
81 797
81 2742
797 2742
56 480
176 1811
176 3864
176 4211
1811 3864
1811 4211
3864 4211
2274 4219
1871 2980
1871 3500
1871 2769
1871 3283
1871 2379
1871 1675
1871 4889
2980 3500
2980 2769
2980 3283
2980 2379
2980 1675
2980 4889
3500 2769
3500 3283
3500 2379
3500 1675
3500 4889
2769 3283
2769 2379
2769 1675
2769 4889
3283 2379
3283 1675
3283 4889
2379 1675
2379 4889
1675 4889
444 1301
444 4889
1301 4889
687 3230
687 4440
3230 4440
1492 1842
1492 1875
1492 824
1492 3513
1492 4149
1492 5182
1492 5505
1492 6345
1842 1875
1842 824
1842 3513
1842 4149
1842 5182
1842 5505
1842 6345
1875 824
1875 3513
1875 4149
1875 5182
1875 5505
1875 6345
824 3513
824 4149
824 5182
824 5505
824 6345
3513 4149
3513 5182
3513 5505
3513 6345
4149 5182
4149 5505
4149 6345
5182 5505
5182 6345
5505 6345
1320 178
1320 2679
178 2679
2729 3407
2890 2789
5630 6102
5630 6382
6102 6382
778 1719
778 2267
778 2876
778 305
778 1324
778 3456
778 5996
1719 2267
1719 2876
1719 305
1719 1324
1719 3456
1719 5996
2267 2876
2267 305
2267 1324
2267 3456
2267 5996
2876 305
2876 1324
2876 3456
2876 5996
305 1324
305 3456
305 5996
1324 3456
1324 5996
3456 5996
2222 3537
418 1584
418 3455
1584 3455
379 2438
129 1558
278 809
278 3922
278 3421
809 3922
809 3421
3922 3421
1127 3485
1127 2468
1127 3689
3485 2468
3485 3689
2468 3689
625 4121
625 3694
625 5754
4121 3694
4121 5754
3694 5754
1417 3172
1417 4203
3172 4203
852 3374
852 4529
3374 4529
1552 3256
178 2410
178 143
178 781
178 3487
178 2803
178 971
2410 143
2410 781
2410 3487
2410 2803
2410 971
143 781
143 3487
143 2803
143 971
781 3487
781 2803
781 971
3487 2803
3487 971
2803 971
152 2044
152 2293
152 3739
152 1793
152 2501
2044 2293
2044 3739
2044 1793
2044 2501
2293 3739
2293 1793
2293 2501
3739 1793
3739 2501
1793 2501
1844 442
1844 6310
442 6310
1701 5451
1292 1617
1292 1117
1292 5647
1617 1117
1617 5647
1117 5647
353 6038
353 6402
6038 6402
869 6326
1411 976
222 1513
222 1007
222 3054
222 1988
222 1881
222 4335
222 4414
222 5141
222 5398
222 1359
222 5748
1513 1007
1513 3054
1513 1988
1513 1881
1513 4335
1513 4414
1513 5141
1513 5398
1513 1359
1513 5748
1007 3054
1007 1988
1007 1881
1007 4335
1007 4414
1007 5141
1007 5398
1007 1359
1007 5748
3054 1988
3054 1881
3054 4335
3054 4414
3054 5141
3054 5398
3054 1359
3054 5748
1988 1881
1988 4335
1988 4414
1988 5141
1988 5398
1988 1359
1988 5748
1881 4335
1881 4414
1881 5141
1881 5398
1881 1359
1881 5748
4335 4414
4335 5141
4335 5398
4335 1359
4335 5748
4414 5141
4414 5398
4414 1359
4414 5748
5141 5398
5141 1359
5141 5748
5398 1359
5398 5748
1359 5748
1646 3028
1646 3058
3028 3058
81 4111
1376 4337
331 3793
331 5149
331 5239
331 5713
331 5758
331 4394
3793 5149
3793 5239
3793 5713
3793 5758
3793 4394
5149 5239
5149 5713
5149 5758
5149 4394
5239 5713
5239 5758
5239 4394
5713 5758
5713 4394
5758 4394
20 5723
176 523
176 906
523 906
749 19
749 2677
749 980
749 2537
19 2677
19 980
19 2537
2677 980
2677 2537
980 2537
169 652
169 1081
169 2653
169 3876
652 1081
652 2653
652 3876
652 3770
1081 2653
1081 3876
1081 3770
2653 3876
2653 3770
3876 3770
1136 623
3824 6053
2488 2678
62 2973
62 4039
2973 4039
308 5977
41 3909
41 0
3909 0
1071 618
924 1226
924 1249
924 369
924 490
924 2759
924 3103
924 368
924 3815
924 4512
924 5658
924 6325
924 2896
1226 1249
1226 369
1226 490
1226 2759
1226 3103
1226 368
1226 3815
1226 4512
1226 5658
1226 6325
1226 2896
1249 369
1249 490
1249 2759
1249 3103
1249 368
1249 3815
1249 4512
1249 5658
1249 6325
1249 2896
369 490
369 2759
369 3103
369 368
369 3815
369 4512
369 5658
369 6325
369 2896
490 2759
490 3103
490 368
490 3815
490 4512
490 5658
490 6325
490 2896
2759 3103
2759 368
2759 3815
2759 4512
2759 5658
2759 6325
2759 2896
3103 368
3103 3815
3103 4512
3103 5658
3103 6325
3103 2896
368 3815
368 4512
368 5658
368 6325
368 2896
3815 4512
3815 5658
3815 6325
3815 2896
4512 5658
4512 6325
4512 2896
5658 6325
5658 2896
6325 2896
2148 3307
2148 550
2148 3393
3307 550
3307 3393
550 3393
394 2095
394 3161
394 5917
2095 3161
2095 5917
3161 5917
212 125
212 3334
125 3334
1530 3737
1530 4168
1530 5126
1530 4700
1530 5348
1530 6020
3737 4168
3737 5126
3737 4700
3737 5348
3737 6020
4168 5126
4168 4700
4168 5348
4168 6020
5126 4700
5126 5348
5126 6020
4700 5348
4700 6020
5348 6020
44 881
44 3551
44 2500
881 3551
881 2500
3551 2500
2769 4713
326 6323
971 2019
971 2809
2019 2809
3707 6369
153 61
153 1745
153 3623
153 4161
153 4293
153 3752
153 3317
153 525
153 6348
61 1745
61 3623
61 4161
61 4293
61 3752
61 3317
61 525
61 6348
1745 3623
1745 4161
1745 4293
1745 3752
1745 3317
1745 525
1745 6348
3623 4161
3623 4293
3623 3752
3623 3317
3623 525
3623 6348
4161 4293
4161 3752
4161 3317
4161 525
4161 6348
4293 3752
4293 3317
4293 525
4293 6348
3752 3317
3752 525
3752 6348
3317 525
3317 6348
525 6348
293 1594
293 1272
293 3669
293 4174
1594 1272
1594 3669
1594 4174
1272 3669
1272 4174
3669 4174
1119 1789
110 1228
110 494
1228 494
728 859
728 4020
728 5603
859 4020
859 5603
4020 5603
3703 1436
1093 1083
1093 719
1093 5200
1083 719
1083 5200
719 5200
1749 3946
1091 1215
1091 566
1091 1002
1215 566
1215 1002
566 1002
1528 2368
1528 3879
2368 3879
242 1193
242 1523
242 3803
242 5570
242 2395
1193 1523
1193 3803
1193 5570
1193 2395
1523 3803
1523 5570
1523 2395
3803 5570
3803 2395
5570 2395
174 3745
163 980
163 2459
163 150
980 2459
980 150
2459 150
1406 85
1406 234
1406 5944
85 234
85 5944
234 5944
1961 2842
1961 515
2842 515
1520 2484
1520 2771
1520 3953
2484 2771
2484 3953
2771 3953
25 32
25 348
25 793
25 448
25 1315
25 1809
25 1591
25 4848
25 3519
25 5099
25 2702
25 713
25 5515
25 5436
25 5784
25 2105
25 6200
25 6337
32 348
32 793
32 448
32 1315
32 1809
32 1591
32 4848
32 3519
32 5099
32 2702
32 713
32 5515
32 5436
32 5784
32 2105
32 6200
32 6337
348 793
348 448
348 1315
348 1809
348 1591
348 4848
348 3519
348 5099
348 2702
348 713
348 5515
348 5436
348 5784
348 2105
348 6200
348 6337
793 448
793 1315
793 1809
793 1591
793 4848
793 3519
793 5099
793 2702
793 713
793 5515
793 5436
793 5784
793 2105
793 6200
793 6337
448 1315
448 1809
448 1591
448 4848
448 3519
448 5099
448 2702
448 713
448 5515
448 5436
448 5784
448 2105
448 6200
448 6337
1315 1809
1315 1591
1315 4848
1315 3519
1315 5099
1315 2702
1315 713
1315 5515
1315 5436
1315 5784
1315 2105
1315 6200
1315 6337
1809 1591
1809 4848
1809 3519
1809 5099
1809 2702
1809 713
1809 5515
1809 5436
1809 5784
1809 2105
1809 6200
1809 6337
1591 4848
1591 3519
1591 5099
1591 2702
1591 713
1591 5515
1591 5436
1591 5784
1591 2105
1591 6200
1591 6337
4848 3519
4848 5099
4848 2702
4848 713
4848 5515
4848 5436
4848 5784
4848 2105
4848 6200
4848 6337
3519 5099
3519 2702
3519 713
3519 5515
3519 5436
3519 5784
3519 2105
3519 6200
3519 6337
5099 2702
5099 713
5099 5515
5099 5436
5099 5784
5099 2105
5099 6200
5099 6337
2702 713
2702 5515
2702 5784
2702 2105
2702 6200
2702 6337
713 5515
713 5436
713 5784
713 2105
713 6200
713 6337
5515 5436
5515 5784
5515 2105
5515 6200
5515 6337
5436 5784
5436 2105
5436 6200
5436 6337
5784 2105
5784 6200
5784 6337
2105 6200
2105 6337
6200 6337
2037 3208
2037 69
3208 69
118 3417
118 19
118 4982
118 2009
118 5943
3417 19
3417 4982
3417 2009
3417 5943
19 4982
19 2009
19 5943
4982 2009
4982 5943
2009 5943
4025 5805
2288 4790
1081 423
1705 3920
40 4011
2009 5771
1982 5774
1164 3208
1164 6223
3208 6223
1187 1886
1187 2730
1187 1317
1187 5874
1886 2730
1886 1317
1886 5874
2730 1317
2730 5874
1317 5874
38 4634
38 5954
38 935
4634 5954
4634 935
5954 935
1991 1531
1991 3279
1991 760
1991 3141
1991 4836
1991 4859
1991 5470
1991 5511
1991 6021
1991 6214
1991 926
1991 6393
1531 3279
1531 760
1531 3141
1531 4836
1531 4859
1531 5470
1531 5511
1531 6021
1531 6214
1531 926
1531 6393
3279 760
3279 3141
3279 4836
3279 4859
3279 5470
3279 5511
3279 6021
3279 6214
3279 926
3279 6393
760 3141
760 4836
760 4859
760 5470
760 5511
760 6021
760 6214
760 926
760 6393
3141 4836
3141 4859
3141 5470
3141 5511
3141 6021
3141 6214
3141 926
3141 6393
4836 4859
4836 5470
4836 5511
4836 6021
4836 6214
4836 926
4836 6393
4859 5470
4859 5511
4859 6021
4859 6214
4859 926
4859 6393
5470 5511
5470 6021
5470 6214
5470 926
5470 6393
5511 6021
5511 6214
5511 926
5511 6393
6021 6214
6021 926
6021 6393
6214 926
6214 6393
926 6393
3176 5012
931 3274
931 6002
3274 6002
434 0
434 1403
434 1625
434 4730
434 4857
434 5642
0 1403
0 1625
0 4730
0 4857
0 5642
1403 1625
1403 4730
1403 4857
1403 5642
1625 4730
1625 4857
1625 5642
4730 4857
4730 5642
4857 5642
1518 1724
1518 3080
1518 3704
1518 6321
1724 3080
1724 3704
1724 6321
3080 3704
3080 6321
3704 6321
3146 2953
848 692
2606 3213
2606 3992
2606 3996
2606 4004
2606 5376
3213 3992
3213 3996
3213 4004
3213 5376
3992 3996
3992 4004
3992 5376
3996 4004
3996 5376
4004 5376
1236 3391
466 989
466 1673
466 2543
466 3223
466 3441
466 764
466 1581
466 2531
466 1502
466 4602
466 4974
989 1673
989 2543
989 3223
989 3441
989 764
989 1581
989 2531
989 1502
989 4602
989 4974
1673 2543
1673 3223
1673 3441
1673 764
1673 1581
1673 2531
1673 1502
1673 4602
1673 4974
2543 3223
2543 3441
2543 764
2543 1581
2543 2531
2543 1502
2543 4602
2543 4974
3223 3441
3223 764
3223 1581
3223 2531
3223 1502
3223 4602
3223 4974
3441 764
3441 1581
3441 2531
3441 1502
3441 4602
3441 4974
764 1581
764 2531
764 1502
764 4602
764 4974
1581 2531
1581 1502
1581 4602
1581 4974
2531 1502
2531 4602
2531 4974
1502 4602
1502 4974
4602 4974
1484 2287
1484 4024
1484 5413
1484 855
2287 4024
2287 5413
2287 855
4024 5413
4024 855
5413 855
106 1507
106 3195
106 4274
106 3427
106 4603
106 5395
106 372
106 1558
1507 3195
1507 4274
1507 3427
1507 4603
1507 5395
1507 372
1507 1558
3195 4274
3195 3427
3195 4603
3195 5395
3195 372
3195 1558
4274 3427
4274 4603
4274 5395
4274 372
4274 1558
3427 4603
3427 5395
3427 372
3427 1558
4603 5395
4603 372
4603 1558
5395 372
5395 1558
372 1558
1414 5049
939 3845
939 138
939 5670
939 386
3845 138
3845 5670
3845 386
138 5670
138 386
5670 386
1717 5998
776 2119
776 2988
776 487
776 3128
776 169
776 535
776 80
776 4742
776 4089
776 3438
776 5509
776 5566
776 297
2119 2988
2119 487
2119 3128
2119 169
2119 535
2119 80
2119 4742
2119 4089
2119 3438
2119 5509
2119 5566
2119 297
2988 487
2988 3128
2988 169
2988 535
2988 80
2988 4742
2988 4089
2988 3438
2988 5509
2988 5566
2988 297
487 3128
487 169
487 535
487 80
487 4742
487 4089
487 3438
487 5509
487 5566
3128 169
3128 535
3128 80
3128 4742
3128 4089
3128 3438
3128 5509
3128 5566
3128 297
169 535
169 80
169 4742
169 4089
169 3438
169 5509
169 5566
169 297
535 80
535 4742
535 4089
535 3438
535 5509
535 5566
535 297
80 4742
80 4089
80 3438
80 5509
80 5566
80 297
4742 4089
4742 3438
4742 5509
4742 5566
4742 297
4089 3438
4089 5509
4089 5566
4089 297
3438 5509
3438 5566
3438 297
5509 5566
5509 297
5566 297
2344 5901
94 370
94 2150
94 1038
94 5215
370 2150
370 1038
370 5215
2150 1038
2150 5215
1038 5215
932 3790
932 6327
3790 6327
20 257
20 420
20 548
20 802
20 830
20 947
20 961
20 760
20 1697
20 2269
20 3547
20 2111
20 4785
20 5282
20 5448
20 4255
20 3941
20 4782
257 420
257 548
257 802
257 830
257 947
257 961
257 760
257 1697
257 2269
257 3547
257 2111
257 4785
257 5282
257 5448
257 4255
257 3941
257 4782
420 548
420 802
420 830
420 947
420 961
420 760
420 1697
420 2269
420 3547
420 2111
420 4785
420 5282
420 5448
420 4255
420 3941
420 4782
548 802
548 830
548 947
548 961
548 760
548 1697
548 2269
548 3547
548 2111
548 4785
548 5282
548 5448
548 4255
548 3941
548 4782
802 830
802 947
802 961
802 760
802 1697
802 2269
802 3547
802 2111
802 4785
802 5282
802 5448
802 4255
802 3941
802 4782
830 947
830 961
830 760
830 1697
830 2269
830 3547
830 2111
830 4785
830 5282
830 5448
830 4255
830 3941
830 4782
947 961
947 760
947 1697
947 2269
947 3547
947 2111
947 4785
947 5282
947 5448
947 4255
947 3941
947 4782
961 760
961 1697
961 2269
961 3547
961 2111
961 4785
961 5282
961 5448
961 4255
961 3941
961 4782
760 1697
760 2269
760 3547
760 2111
760 4785
760 5282
760 5448
760 4255
760 3941
760 4782
1697 2269
1697 3547
1697 2111
1697 4785
1697 5282
1697 5448
1697 4255
1697 3941
1697 4782
2269 3547
2269 2111
2269 4785
2269 5282
2269 5448
2269 4255
2269 3941
2269 4782
3547 2111
3547 4785
3547 5282
3547 5448
3547 4255
3547 3941
3547 4782
2111 4785
2111 5282
2111 5448
2111 4255
2111 3941
2111 4782
4785 5282
4785 5448
4785 4255
4785 3941
4785 4782
5282 5448
5282 4255
5282 3941
5282 4782
5448 4255
5448 3941
5448 4782
4255 3941
4255 4782
3941 4782
272 2503
247 6025
4253 4535
4253 5002
4535 5002
783 1631
783 1111
783 2836
1631 1111
1631 2836
1111 2836
2810 543
888 1001
888 2329
1001 2329
1285 1358
1285 3800
1285 2198
1285 739
1285 6183
1358 3800
1358 2198
1358 739
1358 6183
3800 2198
3800 739
3800 6183
2198 739
2198 6183
739 6183
933 1496
933 4726
933 1448
1496 4726
1496 1448
4726 1448
247 4214
3119 3738
3119 1816
3738 1816
1445 95
1445 3925
1445 1531
1445 5724
1445 3453
95 3925
95 1531
95 5724
95 3453
3925 1531
3925 5724
3925 3453
1531 5724
1531 3453
5724 3453
226 3366
226 1174
226 2425
3366 1174
3366 2425
1174 2425
3181 4263
3181 5403
4263 5403
1248 1277
74 1197
74 3931
74 4063
74 4074
74 4070
1197 3931
1197 4063
1197 4074
1197 4070
3931 4063
3931 4074
3931 4070
4063 4074
4063 4070
4074 4070
1328 5340
645 833
2513 3267
1844 236
1844 3344
1844 4971
1844 1528
236 3344
236 4971
236 1528
3344 4971
3344 1528
4971 1528
1206 3221
1206 3418
3221 3418
3685 5637
1693 1992
1693 2552
1693 2894
1992 2552
1992 2894
2552 2894
1623 1652
1623 2766
1623 3126
1623 428
1623 4403
1623 1583
1623 6332
1652 2766
1652 3126
1652 428
1652 4403
1652 1583
1652 6332
2766 3126
2766 428
2766 4403
2766 1583
2766 6332
3126 428
3126 4403
3126 1583
3126 6332
428 4403
428 1583
428 6332
4403 1583
4403 6332
1583 6332
2774 2131
2774 987
2131 987
3211 4772
1805 2399
1805 95
1805 481
1805 5454
1805 5497
1805 3568
1805 4157
2399 95
2399 481
2399 5454
2399 5497
2399 3568
2399 4157
95 481
95 5454
95 5497
95 3568
95 4157
481 5454
481 5497
481 3568
481 4157
5454 5497
5454 3568
5454 4157
5497 3568
5497 4157
3568 4157
127 4510
127 482
127 27
127 303
127 837
4510 482
4510 27
4510 303
4510 837
482 27
482 303
482 837
27 303
27 837
303 837
1706 2593
1706 2685
1706 3705
1706 354
2593 2685
2593 3705
2593 354
2685 3705
2685 354
3705 354
124 972
124 1022
124 1439
124 1580
124 1692
124 2572
124 1212
124 2740
124 3106
124 3114
124 3213
124 1154
124 4308
124 4760
124 5367
124 2369
124 5654
124 40
124 5942
124 5374
972 1022
972 1439
972 1580
972 1692
972 2572
972 1212
972 2740
972 3106
972 3114
972 3213
972 1154
972 4308
972 4760
972 5367
972 2369
972 5654
972 40
972 5942
972 5374
1022 1580
1022 1692
1022 2572
1022 1212
1022 2740
1022 3106
1022 3114
1022 3213
1022 1154
1022 4308
1022 4760
1022 5367
1022 2369
1022 5654
1022 40
1022 5942
1022 5374
1439 1580
1439 1692
1439 2572
1439 1212
1439 2740
1439 3106
1439 3114
1439 3213
1439 1154
1439 4308
1439 4760
1439 5367
1439 2369
1439 5654
1439 40
1439 5942
1439 5374
1580 1692
1580 2572
1580 1212
1580 2740
1580 3106
1580 3114
1580 3213
1580 1154
1580 4308
1580 4760
1580 5367
1580 2369
1580 5654
1580 40
1580 5942
1580 5374
1692 2572
1692 1212
1692 2740
1692 3106
1692 3114
1692 3213
1692 1154
1692 4308
1692 4760
1692 5367
1692 2369
1692 5654
1692 40
1692 5942
1692 5374
2572 1212
2572 2740
2572 3106
2572 3114
2572 3213
2572 1154
2572 4308
2572 4760
2572 5367
2572 2369
2572 5654
2572 40
2572 5942
2572 5374
1212 2740
1212 3106
1212 3114
1212 3213
1212 1154
1212 4308
1212 4760
1212 5367
1212 2369
1212 5654
1212 40
1212 5942
1212 5374
2740 3106
2740 3114
2740 3213
2740 1154
2740 4308
2740 4760
2740 5367
2740 2369
2740 5654
2740 40
2740 5942
2740 5374
3106 3114
3106 3213
3106 1154
3106 4308
3106 4760
3106 5367
3106 2369
3106 5654
3106 40
3106 5942
3106 5374
3114 3213
3114 1154
3114 4308
3114 4760
3114 5367
3114 2369
3114 5654
3114 40
3114 5942
3114 5374
3213 1154
3213 4308
3213 4760
3213 5367
3213 2369
3213 5654
3213 40
3213 5942
3213 5374
1154 4308
1154 4760
1154 5367
1154 2369
1154 5654
1154 40
1154 5942
1154 5374
4308 4760
4308 5367
4308 2369
4308 5654
4308 40
4308 5942
4308 5374
4760 5367
4760 2369
4760 5654
4760 40
4760 5942
4760 5374
5367 2369
5367 5654
5367 40
5367 5942
5367 5374
2369 5654
2369 40
2369 5942
2369 5374
5654 40
5654 5942
5654 5374
40 5942
40 5374
5942 5374
222 1000
3921 5490
3921 6254
5490 6254
1924 3134
1924 4502
3134 4502
4997 5232
143 1585
143 4567
143 2395
1585 4567
1585 2395
4567 2395
1019 586
378 3055
378 3280
378 4852
3055 3280
3055 4852
3280 4852
627 69
627 3775
627 5062
69 3775
69 5062
3775 5062
80 980
174 5932
4496 296
16 19
421 3647
421 3687
3647 3687
3723 5970
1154 3540
1154 3798
1154 1987
1154 4343
1154 6170
3540 3798
3540 1987
3540 4343
3540 6170
3798 1987
3798 4343
3798 6170
1987 4343
1987 6170
4343 6170
1069 3541
1069 3104
1069 5554
3541 3104
3541 5554
3104 5554
1980 4764
55 655
55 2141
655 2141
1881 690
1881 385
1881 5220
690 385
690 5220
385 5220
815 981
1945 3364
1945 5933
3364 5933
655 1695
655 2177
655 3361
655 3568
655 3969
655 3985
655 3830
655 713
655 5211
655 5318
655 5471
1695 2177
1695 3361
1695 3568
1695 3969
1695 3985
1695 3830
1695 713
1695 5211
1695 5318
1695 5471
2177 3361
2177 3568
2177 3969
2177 3985
2177 3830
2177 713
2177 5211
2177 5318
2177 5471
3361 3568
3361 3969
3361 3985
3361 3830
3361 713
3361 5211
3361 5318
3361 5471
3568 3969
3568 3985
3568 3830
3568 713
3568 5211
3568 5318
3568 5471
3969 3985
3969 3830
3969 713
3969 5211
3969 5318
3969 5471
3985 3830
3985 713
3985 5211
3985 5318
3985 5471
3830 713
3830 5211
3830 5318
3830 5471
713 5211
713 5318
713 5471
5211 5318
5211 5471
5318 5471
753 5218
670 5446
21 443
21 2270
21 169
21 4191
21 241
443 2270
443 169
443 4191
443 241
2270 169
2270 4191
2270 241
169 4191
169 241
4191 241
1043 2610
1043 644
1043 2091
1043 13
2610 644
2610 2091
2610 13
644 2091
644 13
2091 13
637 1912
4728 4789
760 3687
493 3736
493 3104
493 5916
3736 3104
3736 5916
3104 5916
662 535
662 2880
662 3226
662 4570
662 3404
535 2880
535 3226
535 4570
535 3404
2880 3226
2880 4570
2880 3404
3226 4570
3226 3404
4570 3404
723 1633
723 127
1633 127
2073 4471
2073 690
2073 4409
4471 690
4471 4409
690 4409
176 3524
176 4828
3524 4828
1021 4837
1021 4917
4837 4917
1683 1528
1683 5114
1683 138
1528 5114
1528 138
5114 138
4099 237
4099 6383
237 6383
2781 4319
756 1796
756 2889
756 3900
1796 2889
1796 3900
2889 3900
1748 1929
1748 1964
1748 489
1748 2498
1748 3401
1748 998
1748 1916
1929 1964
1929 489
1929 2498
1929 3401
1929 998
1929 1916
1964 489
1964 2498
1964 3401
1964 998
1964 1916
489 2498
489 3401
489 998
489 1916
2498 3401
2498 998
2498 1916
3401 998
3401 1916
998 1916
52 2502
52 4001
52 5328
52 5351
52 5587
2502 4001
2502 5328
2502 5351
2502 5587
4001 5328
4001 5351
4001 5587
5328 5351
5328 5587
5351 5587
181 625
181 666
181 443
181 986
181 994
181 1376
181 1296
181 2636
181 4349
181 2318
181 4439
181 4804
181 5219
181 1115
181 5486
181 3278
181 1596
181 6186
181 2000
181 6380
625 666
625 443
625 986
625 994
625 1376
625 1296
625 2636
625 4349
625 2318
625 4439
625 4804
625 5219
625 1115
625 5486
625 3278
625 1596
625 6186
625 2000
625 6380
666 443
666 986
666 994
666 1376
666 1296
666 2636
666 4349
666 2318
666 4439
666 4804
666 5219
666 1115
666 5486
666 3278
666 1596
666 6186
666 2000
666 6380
443 986
443 994
443 1376
443 1296
443 2636
443 4349
443 2318
443 4439
443 4804
443 5219
443 1115
443 5486
443 3278
443 1596
443 6186
443 2000
443 6380
986 994
986 1376
986 1296
986 2636
986 4349
986 2318
986 4439
986 4804
986 5219
986 1115
986 5486
986 3278
986 1596
986 6186
986 2000
986 6380
994 1376
994 1296
994 2636
994 4349
994 2318
994 4439
994 4804
994 5219
994 1115
994 5486
994 3278
994 1596
994 6186
994 2000
994 6380
1376 1296
1376 2636
1376 4349
1376 2318
1376 4439
1376 4804
1376 5219
1376 1115
1376 5486
1376 3278
1376 1596
1376 6186
1376 2000
1376 6380
1296 2636
1296 4349
1296 2318
1296 4439
1296 4804
1296 5219
1296 1115
1296 5486
1296 3278
1296 1596
1296 6186
1296 2000
1296 6380
2636 4349
2636 2318
2636 4439
2636 4804
2636 5219
2636 1115
2636 5486
2636 3278
2636 1596
2636 6186
2636 2000
2636 6380
4349 2318
4349 4439
4349 4804
4349 5219
4349 1115
4349 5486
4349 3278
4349 1596
4349 6186
4349 2000
4349 6380
2318 4439
2318 4804
2318 5219
2318 1115
2318 5486
2318 3278
2318 1596
2318 6186
2318 2000
2318 6380
4439 4804
4439 5219
4439 1115
4439 5486
4439 3278
4439 1596
4439 6186
4439 2000
4439 6380
4804 5219
4804 1115
4804 5486
4804 3278
4804 1596
4804 6186
4804 2000
4804 6380
5219 1115
5219 5486
5219 3278
5219 1596
5219 6186
5219 2000
5219 6380
1115 5486
1115 3278
1115 1596
1115 6186
1115 2000
1115 6380
5486 3278
5486 1596
5486 6186
5486 2000
5486 6380
3278 6186
3278 2000
3278 6380
1596 6186
1596 2000
1596 6380
6186 2000
6186 6380
2000 6380
1113 5834
201 1010
201 1948
201 2312
201 1751
1010 1948
1010 2312
1010 1751
1948 2312
1948 1751
2312 1751
460 1392
460 1398
460 1441
460 1993
460 2162
460 2581
460 2588
460 2690
460 2471
460 1680
460 3599
460 3667
460 3671
460 4081
460 4245
460 2521
460 4985
460 2507
460 5011
460 2848
460 871
460 5742
460 5808
460 6351
1392 1398
1392 1441
1392 1993
1392 2162
1392 2581
1392 2588
1392 2690
1392 2471
1392 1680
1392 3599
1392 3667
1392 3671
1392 4081
1392 4245
1392 2521
1392 4985
1392 2507
1392 5011
1392 2848
1392 871
1392 5742
1392 5808
1392 6351
1398 1441
1398 1993
1398 2162
1398 2581
1398 2588
1398 2690
1398 2471
1398 1680
1398 3599
1398 3667
1398 3671
1398 4081
1398 4245
1398 2521
1398 4985
1398 2507
1398 5011
1398 2848
1398 871
1398 5742
1398 5808
1398 6351
1441 1993
1441 2162
1441 2581
1441 2588
1441 2690
1441 2471
1441 1680
1441 3599
1441 3667
1441 3671
1441 4081
1441 4245
1441 2521
1441 4985
1441 2507
1441 5011
1441 2848
1441 871
1441 5742
1441 5808
1441 6351
1993 2162
1993 2581
1993 2588
1993 2690
1993 2471
1993 1680
1993 3599
1993 3667
1993 3671
1993 4081
1993 4245
1993 2521
1993 4985
1993 2507
1993 5011
1993 2848
1993 871
1993 5742
1993 5808
1993 6351
2162 2581
2162 2588
2162 2690
2162 2471
2162 1680
2162 3599
2162 3667
2162 3671
2162 4081
2162 4245
2162 2521
2162 4985
2162 2507
2162 5011
2162 2848
2162 871
2162 5742
2162 5808
2162 6351
2581 2588
2581 2690
2581 2471
2581 1680
2581 3599
2581 3667
2581 3671
2581 4081
2581 4245
2581 2521
2581 4985
2581 2507
2581 5011
2581 2848
2581 871
2581 5742
2581 5808
2581 6351
2588 2690
2588 2471
2588 1680
2588 3599
2588 3667
2588 3671
2588 4081
2588 4245
2588 2521
2588 4985
2588 2507
2588 5011
2588 2848
2588 871
2588 5742
2588 5808
2588 6351
2690 2471
2690 1680
2690 3599
2690 3667
2690 3671
2690 4081
2690 4245
2690 2521
2690 4985
2690 2507
2690 5011
2690 2848
2690 871
2690 5742
2690 5808
2690 6351
2471 1680
2471 3599
2471 3667
2471 3671
2471 4081
2471 4245
2471 2521
2471 4985
2471 2507
2471 5011
2471 2848
2471 871
2471 5742
2471 5808
2471 6351
1680 3599
1680 3667
1680 3671
1680 4081
1680 4245
1680 2521
1680 4985
1680 2507
1680 5011
1680 2848
1680 871
1680 5742
1680 5808
1680 6351
3599 3667
3599 3671
3599 4081
3599 4245
3599 2521
3599 4985
3599 2507
3599 5011
3599 2848
3599 871
3599 5742
3599 5808
3599 6351
3667 3671
3667 4081
3667 4245
3667 2521
3667 4985
3667 2507
3667 5011
3667 2848
3667 871
3667 5742
3667 5808
3667 6351
3671 4081
3671 4245
3671 2521
3671 4985
3671 2507
3671 5011
3671 2848
3671 871
3671 5742
3671 5808
3671 6351
4081 4245
4081 2521
4081 4985
4081 2507
4081 5011
4081 2848
4081 871
4081 5742
4081 5808
4081 6351
4245 2521
4245 4985
4245 2507
4245 5011
4245 2848
4245 871
4245 5742
4245 5808
4245 6351
2521 4985
2521 2507
2521 5011
2521 2848
2521 871
2521 5742
2521 5808
2521 6351
4985 2507
4985 5011
4985 2848
4985 871
4985 5742
4985 5808
4985 6351
2507 5011
2507 2848
2507 871
2507 5742
2507 5808
2507 6351
5011 2848
5011 871
5011 5742
5011 5808
5011 6351
2848 871
2848 5742
2848 5808
2848 6351
871 5742
871 5808
871 6351
5742 5808
5742 6351
5808 6351
144 441
144 330
144 443
441 330
441 443
330 443
1173 2902
1173 812
1173 3893
1173 238
2902 812
2902 3893
2902 238
812 3893
812 238
3893 238
1176 392
1176 912
1176 2373
1176 2454
1176 2491
1176 2677
1176 3315
1176 386
1176 3773
1176 3924
1176 4222
1176 868
1176 5427
1176 2664
1176 614
392 912
392 2373
392 2454
392 2491
392 2677
392 3315
392 386
392 3773
392 3924
392 4222
392 868
392 5427
392 2664
392 614
912 2373
912 2454
912 2491
912 2677
912 3315
912 386
912 3773
912 3924
912 4222
912 868
912 5427
912 2664
912 614
2373 2454
2373 2491
2373 2677
2373 3315
2373 386
2373 3773
2373 3924
2373 4222
2373 868
2373 5427
2373 2664
2373 614
2454 2491
2454 2677
2454 3315
2454 386
2454 3773
2454 3924
2454 4222
2454 868
2454 5427
2454 2664
2454 614
2491 2677
2491 3315
2491 386
2491 3773
2491 3924
2491 4222
2491 868
2491 5427
2491 2664
2491 614
2677 3315
2677 386
2677 3773
2677 3924
2677 4222
2677 868
2677 5427
2677 2664
2677 614
3315 386
3315 3773
3315 3924
3315 4222
3315 868
3315 5427
3315 2664
3315 614
386 3773
386 3924
386 4222
386 868
386 5427
386 2664
386 614
3773 3924
3773 4222
3773 868
3773 5427
3773 2664
3773 614
3924 4222
3924 868
3924 5427
3924 2664
3924 614
4222 868
4222 5427
4222 2664
4222 614
868 5427
868 2664
868 614
5427 2664
5427 614
2664 614
2198 4118
2433 2496
3333 1448
5093 4778
713 1296
2104 2380
2104 3443
2380 3443
575 811
575 1789
575 2288
575 2217
811 1789
811 2288
811 2217
1789 2288
1789 2217
2288 2217
39 689
39 286
689 286
2583 3178
2583 4540
2583 1486
2583 5394
2583 5540
3178 4540
3178 1486
3178 5394
3178 5540
4540 1486
4540 5394
4540 5540
1486 5394
1486 5540
5394 5540
4761 2358
2528 5558
705 785
705 2911
705 3507
705 4725
785 2911
785 3507
785 4725
2911 3507
2911 4725
3507 4725
145 5495
2734 3053
964 1446
2500 3086
2500 423
3086 423
164 242
164 278
242 278
2003 3196
87 829
87 1699
87 2313
87 2363
87 3082
87 4616
87 5852
829 1699
829 2313
829 2363
829 3082
829 4616
829 5852
1699 2313
1699 2363
1699 3082
1699 4616
1699 5852
2313 2363
2313 3082
2313 4616
2313 5852
2363 3082
2363 4616
2363 5852
3082 4616
3082 5852
4616 5852
2915 1126
3324 604
1001 824
1001 1584
824 1584
3810 3991
387 162
387 5181
162 5181
815 592
4393 5437
4393 783
5437 783
10 2812
10 641
10 6353
2812 641
2812 6353
641 6353
1110 475
1110 2475
1110 1513
1110 2610
475 2475
475 1513
475 2610
2475 1513
2475 2610
1513 2610
979 2854
979 4657
979 4749
2854 4657
2854 4749
4657 4749
377 1654
178 540
178 681
178 829
178 2789
540 681
540 829
540 2789
681 829
681 2789
829 2789
73 2379
2736 3388
765 219
765 2761
219 2761
891 1420
891 1624
891 3304
891 3747
891 3950
1420 1624
1420 3304
1420 3747
1420 3950
1624 3304
1624 3747
1624 3950
3304 3747
3304 3950
3747 3950
3369 3984
1331 592
200 2709
3074 6291
1310 2138
1310 3779
1310 4565
1310 4904
1310 5406
2138 3779
2138 4565
2138 4904
2138 5406
3779 4565
3779 4904
3779 5406
4565 4904
4565 5406
4904 5406
30 176
30 2644
176 2644
3506 3735
3506 4021
3506 2220
3506 104
3506 6240
3506 1763
3735 4021
3735 2220
3735 104
3735 6240
3735 1763
4021 2220
4021 104
4021 6240
4021 1763
2220 104
2220 6240
2220 1763
104 6240
104 1763
6240 1763
681 1919
681 205
1919 205
595 848
595 2058
595 4797
595 4731
848 2058
848 4797
848 4731
2058 4797
2058 4731
4797 4731
241 343
241 297
241 3105
241 3870
343 297
343 3105
343 3870
297 3105
297 3870
3105 3870
2295 4906
27 3218
27 1427
3218 1427
3328 4411
993 1051
993 1976
993 2006
993 1945
993 3160
993 3697
993 3868
993 954
993 1986
993 304
1051 1976
1051 2006
1051 1945
1051 3160
1051 3697
1051 3868
1051 954
1051 1986
1051 304
1976 2006
1976 1945
1976 3160
1976 3697
1976 3868
1976 954
1976 1986
1976 304
2006 1945
2006 3160
2006 3697
2006 3868
2006 954
2006 1986
2006 304
1945 3160
1945 3697
1945 3868
1945 954
1945 1986
1945 304
3160 3697
3160 3868
3160 954
3160 1986
3160 304
3697 3868
3697 954
3697 1986
3697 304
3868 954
3868 1986
3868 304
954 1986
954 304
1986 304
2285 6150
3614 144
3424 4228
539 872
539 4051
872 4051
869 423
1172 1238
1172 1935
1172 2017
1172 2194
1172 877
1172 2462
1172 3148
1172 3175
1172 2614
1172 4113
1172 1067
1172 2051
1172 5606
1238 1935
1238 2017
1238 2194
1238 877
1238 2462
1238 3148
1238 3175
1238 2614
1238 4113
1238 1067
1238 2051
1238 5606
1935 2017
1935 2194
1935 877
1935 2462
1935 3148
1935 3175
1935 2614
1935 4113
1935 1067
1935 2051
1935 5606
2017 2194
2017 877
2017 2462
2017 3148
2017 3175
2017 2614
2017 4113
2017 1067
2017 2051
2017 5606
2194 877
2194 2462
2194 3148
2194 3175
2194 2614
2194 4113
2194 1067
2194 2051
2194 5606
877 2462
877 3148
877 3175
877 2614
877 4113
877 1067
877 2051
877 5606
2462 3148
2462 3175
2462 2614
2462 4113
2462 1067
2462 2051
2462 5606
3148 3175
3148 2614
3148 4113
3148 1067
3148 2051
3148 5606
3175 2614
3175 4113
3175 1067
3175 2051
3175 5606
2614 4113
2614 1067
2614 2051
2614 5606
4113 1067
4113 2051
4113 5606
1067 2051
1067 5606
2051 5606
2559 2405
2559 5766
2405 5766
8 699
8 954
8 2767
8 2855
8 5001
8 1681
8 5626
8 2501
8 4299
699 954
699 2767
699 2855
699 5001
699 1681
699 5626
699 2501
699 4299
954 2767
954 2855
954 5001
954 1681
954 5626
954 2501
954 4299
2767 2855
2767 5001
2767 1681
2767 5626
2767 2501
2767 4299
2855 5001
2855 1681
2855 5626
2855 2501
2855 4299
5001 1681
5001 5626
5001 2501
5001 4299
1681 5626
1681 2501
1681 4299
5626 2501
5626 4299
2501 4299
1595 1902
1595 2342
1595 2793
1595 173
1595 5873
1595 5951
1595 6181
1902 2342
1902 2793
1902 173
1902 5873
1902 5951
1902 6181
2342 2793
2342 173
2342 5873
2342 5951
2342 6181
2793 173
2793 5873
2793 5951
2793 6181
173 5873
173 5951
173 6181
5873 5951
5873 6181
5951 6181
1307 926
1307 2485
1307 859
1307 2896
1307 3171
1307 1160
1307 4160
1307 1716
1307 5853
926 2485
926 859
926 2896
926 3171
926 1160
926 4160
926 1716
926 5853
2485 859
2485 2896
2485 3171
2485 1160
2485 4160
2485 1716
2485 5853
859 2896
859 3171
859 1160
859 4160
859 1716
859 5853
2896 3171
2896 1160
2896 4160
2896 1716
2896 5853
3171 1160
3171 4160
3171 1716
3171 5853
1160 4160
1160 1716
1160 5853
4160 1716
4160 5853
1716 5853
1873 4968
3699 6143
2741 543
2741 5941
543 5941
1831 1157
1831 3964
1831 2166
1831 2610
1157 3964
1157 2166
1157 2610
3964 2166
3964 2610
2166 2610
2375 1740
26 1418
26 515
26 1890
26 5234
1418 515
1418 1890
1418 5234
515 1890
515 5234
1890 5234
2165 176
2165 2959
2165 144
176 2959
176 144
2959 144
746 4042
2961 6234
916 2725
916 3897
916 4434
916 5061
916 5949
2725 3897
2725 4434
2725 5061
2725 5949
3897 4434
3897 5061
3897 5949
4434 5061
4434 5949
5061 5949
134 1956
134 2514
134 3039
134 4086
134 4820
134 6305
134 6368
1956 2514
1956 3039
1956 4086
1956 4820
1956 6305
1956 6368
2514 3039
2514 4086
2514 4820
2514 6305
2514 6368
3039 4086
3039 4820
3039 6305
3039 6368
4086 4820
4086 6305
4086 6368
4820 6305
4820 6368
6305 6368
573 3022
2218 4630
2218 908
2218 4329
4630 908
4630 4329
908 4329
4425 5860
1963 3146
1963 3313
3146 3313
2618 4748
2618 6032
4748 6032
0 544
0 1036
0 6257
544 1036
544 6257
1036 6257
2500 2638
5418 83
1812 6308
194 598
194 3330
194 5923
598 3330
598 5923
3330 5923
3108 4618
3108 4389
4618 4389
2947 1188
2947 634
2947 986
1188 634
1188 986
634 986
2041 375
2041 566
375 566
4389 4805
1341 4295
1341 1286
1341 4665
4295 1286
4295 4665
1286 4665
1258 2878
1135 222
83 3754
83 705
83 5871
3754 705
3754 5871
705 5871
896 4480
896 4123
4480 4123
170 4627
6049 3327
3625 5633
4943 5016
4943 157
5016 157
239 1751
239 569
239 443
239 4314
239 5101
239 5967
239 2444
1751 569
1751 443
1751 4314
1751 5101
1751 5967
1751 2444
569 443
569 4314
569 5101
569 5967
569 2444
443 4314
443 5101
443 5967
443 2444
4314 5101
4314 5967
4314 2444
5101 5967
5101 2444
5967 2444
632 512
632 1476
632 1587
632 1713
632 2113
632 2139
632 2703
632 3045
632 2486
632 1584
632 3786
632 3817
632 4162
632 4415
632 4727
632 5227
632 5415
632 1589
632 5906
632 6075
632 6229
632 6394
512 1476
512 1587
512 1713
512 2113
512 2139
512 2703
512 3045
512 2486
512 1584
512 3786
512 3817
512 4162
512 4415
512 4727
512 5227
512 5415
512 1589
512 5906
512 6075
512 6229
512 6394
1476 1587
1476 1713
1476 2113
1476 2139
1476 2703
1476 3045
1476 2486
1476 1584
1476 3786
1476 3817
1476 4162
1476 4415
1476 4727
1476 5227
1476 5415
1476 1589
1476 5906
1476 6075
1476 6229
1476 6394
1587 1713
1587 2113
1587 2139
1587 2703
1587 3045
1587 2486
1587 1584
1587 3786
1587 3817
1587 4162
1587 4415
1587 4727
1587 5227
1587 5415
1587 1589
1587 5906
1587 6075
1587 6229
1587 6394
1713 2113
1713 2139
1713 2703
1713 3045
1713 2486
1713 1584
1713 3786
1713 3817
1713 4162
1713 4415
1713 4727
1713 5227
1713 5415
1713 1589
1713 5906
1713 6075
1713 6229
1713 6394
2113 2139
2113 2703
2113 3045
2113 2486
2113 1584
2113 3786
2113 3817
2113 4162
2113 4415
2113 4727
2113 5227
2113 5415
2113 1589
2113 5906
2113 6075
2113 6229
2113 6394
2139 2703
2139 3045
2139 2486
2139 1584
2139 3786
2139 3817
2139 4162
2139 4415
2139 4727
2139 5227
2139 5415
2139 1589
2139 5906
2139 6075
2139 6229
2139 6394
2703 3045
2703 2486
2703 1584
2703 3786
2703 3817
2703 4162
2703 4415
2703 4727
2703 5227
2703 5415
2703 1589
2703 5906
2703 6075
2703 6229
2703 6394
3045 2486
3045 1584
3045 3786
3045 3817
3045 4162
3045 4415
3045 4727
3045 5227
3045 5415
3045 1589
3045 5906
3045 6075
3045 6229
3045 6394
2486 1584
2486 3786
2486 3817
2486 4162
2486 4415
2486 4727
2486 5227
2486 5415
2486 1589
2486 5906
2486 6075
2486 6229
2486 6394
1584 3786
1584 3817
1584 4162
1584 4415
1584 4727
1584 5227
1584 5415
1584 1589
1584 5906
1584 6075
1584 6229
1584 6394
3786 3817
3786 4162
3786 4415
3786 4727
3786 5227
3786 5415
3786 1589
3786 5906
3786 6075
3786 6229
3786 6394
3817 4162
3817 4415
3817 4727
3817 5227
3817 5415
3817 1589
3817 5906
3817 6075
3817 6229
3817 6394
4162 4415
4162 4727
4162 5227
4162 5415
4162 1589
4162 5906
4162 6075
4162 6229
4162 6394
4415 4727
4415 5227
4415 5415
4415 1589
4415 5906
4415 6075
4415 6229
4415 6394
4727 5227
4727 5415
4727 1589
4727 5906
4727 6075
4727 6229
4727 6394
5227 5415
5227 1589
5227 5906
5227 6075
5227 6229
5227 6394
5415 1589
5415 5906
5415 6075
5415 6229
5415 6394
1589 5906
1589 6075
1589 6229
1589 6394
5906 6075
5906 6229
5906 6394
6075 6229
6075 6394
6229 6394
1241 1465
1241 2670
1465 2670
106 4965
106 236
106 3596
4965 236
4965 3596
236 3596
1342 3904
1342 69
1342 2537
1342 1223
3904 69
3904 2537
3904 1223
69 2537
69 1223
2537 1223
2190 3305
2190 5629
3305 5629
624 267
1137 2001
1137 2174
1137 5248
1137 5477
2001 2174
2001 5248
2001 5477
2174 5248
2174 5477
5248 5477
578 3642
578 191
578 4478
578 5431
3642 191
3642 4478
3642 5431
191 4478
191 5431
4478 5431
191 3026
191 6131
3026 6131
1489 2542
1489 3605
1489 4560
1489 753
1489 1864
2542 3605
2542 4560
2542 753
2542 1864
3605 4560
3605 753
3605 1864
4560 753
4560 1864
753 1864
302 617
302 917
302 1716
302 3745
302 6141
617 917
617 1716
617 3745
617 6141
917 1716
917 3745
917 6141
1716 3745
1716 6141
3745 6141
948 1829
948 330
948 4539
948 4972
948 5969
948 6097
1829 330
1829 4539
1829 4972
1829 5969
1829 6097
330 4539
330 4972
330 5969
330 6097
4539 4972
4539 5969
4539 6097
4972 5969
4972 6097
5969 6097
3475 3682
3475 4686
3682 4686
1444 4839
1444 286
4839 286
3394 4151
2840 3763
2840 4752
2840 282
3763 4752
3763 282
4752 282
540 6208
251 3948
251 5815
3948 5815
5880 4515
2432 1992
5597 6197
5597 52
6197 52
1685 611
96 1324
96 1501
96 4563
96 5518
96 434
1324 1501
1324 4563
1324 5518
1324 434
1501 4563
1501 5518
1501 434
4563 5518
4563 434
5518 434
1605 2393
1605 4491
1605 4905
2393 4491
2393 4905
4491 4905
1157 1301
177 1429
177 681
177 764
177 1895
177 4530
177 249
1429 681
1429 764
1429 1895
1429 4530
1429 249
681 764
681 1895
681 4530
681 249
764 1895
764 4530
764 249
1895 4530
1895 249
4530 249
2333 4601
2333 3644
4601 3644
2960 5249
2960 745
2960 5706
2960 2799
5249 745
5249 5706
5249 2799
745 5706
745 2799
5706 2799
579 5461
579 295
5461 295
199 890
4521 2370
830 3886
830 4494
830 4536
830 4913
830 5676
3886 4494
3886 4536
3886 4913
3886 5676
4494 4536
4494 4913
4494 5676
4536 4913
4536 5676
4913 5676
510 935
510 1077
510 5648
935 1077
935 5648
1077 5648
1084 2029
1084 1575
1084 3276
1084 977
1084 1421
1084 4975
1084 5228
1084 897
1084 3222
1084 222
1084 395
2029 1575
2029 3276
2029 977
2029 1421
2029 4975
2029 5228
2029 897
2029 3222
2029 222
2029 395
1575 3276
1575 977
1575 1421
1575 4975
1575 5228
1575 897
1575 3222
1575 222
1575 395
3276 977
3276 1421
3276 4975
3276 5228
3276 897
3276 3222
3276 222
3276 395
977 1421
977 4975
977 5228
977 897
977 3222
977 222
977 395
1421 4975
1421 5228
1421 897
1421 3222
1421 222
1421 395
4975 5228
4975 897
4975 3222
4975 222
4975 395
5228 897
5228 3222
5228 222
5228 395
897 3222
897 222
897 395
3222 222
3222 395
222 395
1270 95
1270 453
95 453
1974 760
1974 3222
1974 3681
1974 4047
1974 610
1974 5605
760 3222
760 3681
760 4047
760 610
760 5605
3222 3681
3222 4047
3222 610
3222 5605
3681 4047
3681 610
3681 5605
4047 610
4047 5605
610 5605
1394 4939
2418 2966
91 304
91 1575
304 1575
1436 3123
1436 176
1436 1370
1436 6285
3123 176
3123 1370
3123 6285
176 1370
176 6285
1370 6285
14 1438
14 1728
14 2442
14 127
14 2760
14 4035
14 5319
1438 1728
1438 2442
1438 127
1438 2760
1438 4035
1438 5319
1728 2442
1728 127
1728 2760
1728 4035
1728 5319
2442 127
2442 2760
2442 4035
2442 5319
127 2760
127 4035
127 5319
2760 4035
2760 5319
4035 5319
199 3889
199 1162
3889 1162
1919 2788
1919 3606
1919 2586
1919 1276
1919 3904
1919 10
1919 2899
2788 3606
2788 2586
2788 1276
2788 3904
2788 10
2788 2899
3606 2586
3606 1276
3606 3904
3606 10
3606 2899
2586 1276
2586 3904
2586 10
2586 2899
1276 3904
1276 10
1276 2899
3904 10
3904 2899
10 2899
1200 475
1200 278
1200 6023
475 278
475 6023
278 6023
1993 3330
1993 761
3330 761
291 819
291 827
291 4702
291 5344
291 4089
819 827
819 4702
819 5344
819 4089
827 4702
827 5344
827 4089
4702 5344
4702 4089
5344 4089
4071 5399
1003 1288
1003 5747
1288 5747
863 2984
863 6167
2984 6167
519 2384
4165 443
4960 1533
4960 222
1533 222
217 3444
217 5307
3444 5307
688 949
688 1189
688 2452
688 760
688 3372
688 1407
688 2127
688 4057
688 4586
688 4914
688 5480
688 6166
949 1189
949 2452
949 760
949 3372
949 1407
949 2127
949 4057
949 4586
949 4914
949 5480
949 6166
1189 2452
1189 760
1189 3372
1189 1407
1189 2127
1189 4057
1189 4586
1189 4914
1189 5480
1189 6166
2452 760
2452 3372
2452 1407
2452 2127
2452 4057
2452 4586
2452 4914
2452 5480
2452 6166
760 3372
760 1407
760 2127
760 4057
760 4586
760 4914
760 5480
760 6166
3372 1407
3372 2127
3372 4057
3372 4586
3372 4914
3372 5480
3372 6166
1407 2127
1407 4057
1407 4586
1407 4914
1407 5480
1407 6166
2127 4057
2127 4586
2127 4914
2127 5480
2127 6166
4057 4586
4057 4914
4057 5480
4057 6166
4586 4914
4586 5480
4586 6166
4914 5480
4914 6166
5480 6166
142 2563
142 4969
2563 4969
3922 639
1044 1741
1044 1968
1044 4106
1044 4133
1044 5519
1044 5876
1741 1968
1741 4106
1741 4133
1741 5519
1741 5876
1968 4106
1968 4133
1968 5519
1968 5876
4106 4133
4106 5519
4106 5876
4133 5519
4133 5876
5519 5876
363 847
1891 2645
1276 1712
1276 2208
1276 3938
1276 525
1276 4698
1276 4981
1276 5068
1276 6241
1712 2208
1712 3938
1712 525
1712 4698
1712 4981
1712 5068
1712 6241
2208 3938
2208 525
2208 4698
2208 4981
2208 5068
2208 6241
3938 525
3938 4698
3938 4981
3938 5068
3938 6241
525 4698
525 4981
525 5068
525 6241
4698 4981
4698 5068
4698 6241
4981 5068
4981 6241
5068 6241
515 2448
515 2319
515 3117
515 3778
515 4163
515 5650
515 1112
2448 2319
2448 3117
2448 3778
2448 4163
2448 5650
2448 1112
2319 3117
2319 3778
2319 4163
2319 5650
2319 1112
3117 3778
3117 4163
3117 5650
3117 1112
3778 4163
3778 5650
3778 1112
4163 5650
4163 1112
5650 1112
1134 1463
2398 4890
2398 2735
4890 2735
12 3414
12 1505
3414 1505
1927 434
19 1862
19 171
19 4461
19 701
19 5207
19 2730
19 2012
19 4437
1862 171
1862 4461
1862 701
1862 5207
1862 2730
1862 2012
1862 4437
171 4461
171 701
171 5207
171 2730
171 2012
171 4437
4461 701
4461 5207
4461 2730
4461 2012
4461 4437
701 5207
701 2730
701 2012
701 4437
5207 2730
5207 2012
5207 4437
2730 2012
2730 4437
2012 4437
1250 5012
995 1217
2534 547
2534 756
2534 3422
547 756
547 3422
756 3422
685 4480
2555 2590
2555 5878
2555 5671
2590 5878
2590 5671
5878 5671
6 50
6 138
6 1569
6 441
6 824
6 1902
6 544
6 5236
6 5700
6 6042
50 138
50 1569
50 441
50 824
50 1902
50 544
50 5236
50 5700
50 6042
138 1569
138 441
138 824
138 1902
138 544
138 5236
138 5700
138 6042
1569 441
1569 824
1569 1902
1569 544
1569 5236
1569 5700
1569 6042
441 824
441 1902
441 544
441 5236
441 5700
441 6042
824 1902
824 544
824 5236
824 5700
824 6042
1902 544
1902 5236
1902 5700
1902 6042
544 5236
544 5700
544 6042
5236 5700
5236 6042
5700 6042
751 3395
576 1428
576 5137
576 3201
576 6335
1428 5137
1428 3201
1428 6335
5137 3201
5137 6335
3201 6335
766 1185
766 623
1185 623
1160 4802
1160 176
4802 176
2890 5185
